Timestamp,Category,MetricValue,KnownAnomaly,Source
2026-01-01T00:00:00+00:00,Authentication,525.01,1,synthetic
2026-01-01T00:01:00+00:00,FinOps_Cost,16.02,0,synthetic
2026-01-01T00:02:00+00:00,VirtualMachines,38.14,0,synthetic
2026-01-01T00:03:00+00:00,Authentication,31.57,0,synthetic
2026-01-01T00:04:00+00:00,Authentication,6.34,0,synthetic
2026-01-01T00:05:00+00:00,VirtualMachines,15.47,0,synthetic
2026-01-01T00:06:00+00:00,Authentication,30.26,0,synthetic
2026-01-01T00:07:00+00:00,Intune_Enrollment,14.92,0,synthetic
2026-01-01T00:08:00+00:00,FinOps_Cost,41.42,0,synthetic
2026-01-01T00:09:00+00:00,Authentication,39.15,0,synthetic
2026-01-01T00:10:00+00:00,VirtualMachines,36.42,0,synthetic
2026-01-01T00:11:00+00:00,FinOps_Cost,17.5,0,synthetic
2026-01-01T00:12:00+00:00,VirtualMachines,48.07,0,synthetic
2026-01-01T00:13:00+00:00,FinOps_Cost,9.6,0,synthetic
2026-01-01T00:14:00+00:00,Intune_Enrollment,9.35,0,synthetic
2026-01-01T00:15:00+00:00,FinOps_Cost,32.17,0,synthetic
2026-01-01T00:16:00+00:00,Authentication,37.84,0,synthetic
2026-01-01T00:17:00+00:00,Authentication,48.79,0,synthetic
2026-01-01T00:18:00+00:00,Intune_Enrollment,8.55,0,synthetic
2026-01-01T00:19:00+00:00,FinOps_Cost,42.32,0,synthetic
2026-01-01T00:20:00+00:00,FinOps_Cost,30.98,0,synthetic
2026-01-01T00:21:00+00:00,Authentication,7.06,0,synthetic
2026-01-01T00:22:00+00:00,VirtualMachines,39.79,0,synthetic
2026-01-01T00:23:00+00:00,Authentication,43.49,0,synthetic
2026-01-01T00:24:00+00:00,Authentication,22.11,0,synthetic
2026-01-01T00:25:00+00:00,Intune_Enrollment,33.61,0,synthetic
2026-01-01T00:26:00+00:00,FinOps_Cost,12.32,0,synthetic
2026-01-01T00:27:00+00:00,FinOps_Cost,14.43,0,synthetic
2026-01-01T00:28:00+00:00,FinOps_Cost,36.58,0,synthetic
2026-01-01T00:29:00+00:00,Authentication,32.41,0,synthetic
2026-01-01T00:30:00+00:00,VirtualMachines,29.04,0,synthetic
2026-01-01T00:31:00+00:00,VirtualMachines,12.35,0,synthetic
2026-01-01T00:32:00+00:00,Intune_Enrollment,17.15,0,synthetic
2026-01-01T00:33:00+00:00,VirtualMachines,35.81,0,synthetic
2026-01-01T00:34:00+00:00,Authentication,15.31,0,synthetic
2026-01-01T00:35:00+00:00,Authentication,41.23,0,synthetic
2026-01-01T00:36:00+00:00,Intune_Enrollment,17.05,0,synthetic
2026-01-01T00:37:00+00:00,VirtualMachines,46.09,0,synthetic
2026-01-01T00:38:00+00:00,FinOps_Cost,14.57,0,synthetic
2026-01-01T00:39:00+00:00,Intune_Enrollment,22.8,0,synthetic
2026-01-01T00:40:00+00:00,Intune_Enrollment,11.43,0,synthetic
2026-01-01T00:41:00+00:00,VirtualMachines,16.1,0,synthetic
2026-01-01T00:42:00+00:00,FinOps_Cost,38.62,0,synthetic
2026-01-01T00:43:00+00:00,Intune_Enrollment,45.4,0,synthetic
2026-01-01T00:44:00+00:00,Intune_Enrollment,21.29,0,synthetic
2026-01-01T00:45:00+00:00,VirtualMachines,27.93,0,synthetic
2026-01-01T00:46:00+00:00,Authentication,39.01,0,synthetic
2026-01-01T00:47:00+00:00,Authentication,11.88,0,synthetic
2026-01-01T00:48:00+00:00,VirtualMachines,40.64,0,synthetic
2026-01-01T00:49:00+00:00,Intune_Enrollment,31.84,0,synthetic
2026-01-01T00:50:00+00:00,Intune_Enrollment,881.62,1,synthetic
2026-01-01T00:51:00+00:00,Intune_Enrollment,28.81,0,synthetic
2026-01-01T00:52:00+00:00,Authentication,35.61,0,synthetic
2026-01-01T00:53:00+00:00,Authentication,35.68,0,synthetic
2026-01-01T00:54:00+00:00,FinOps_Cost,39.59,0,synthetic
2026-01-01T00:55:00+00:00,FinOps_Cost,10.02,0,synthetic
2026-01-01T00:56:00+00:00,Intune_Enrollment,12.12,0,synthetic
2026-01-01T00:57:00+00:00,Authentication,47.92,0,synthetic
2026-01-01T00:58:00+00:00,FinOps_Cost,48.73,0,synthetic
2026-01-01T00:59:00+00:00,VirtualMachines,27.85,0,synthetic
2026-01-01T01:00:00+00:00,Authentication,44.17,0,synthetic
2026-01-01T01:01:00+00:00,FinOps_Cost,42.88,0,synthetic
2026-01-01T01:02:00+00:00,VirtualMachines,11.88,0,synthetic
2026-01-01T01:03:00+00:00,VirtualMachines,29.27,0,synthetic
2026-01-01T01:04:00+00:00,Authentication,31.95,0,synthetic
2026-01-01T01:05:00+00:00,Intune_Enrollment,5.88,0,synthetic
2026-01-01T01:06:00+00:00,FinOps_Cost,44.54,0,synthetic
2026-01-01T01:07:00+00:00,FinOps_Cost,15.78,0,synthetic
2026-01-01T01:08:00+00:00,VirtualMachines,44.51,0,synthetic
2026-01-01T01:09:00+00:00,Authentication,8.85,0,synthetic
2026-01-01T01:10:00+00:00,Intune_Enrollment,41.72,0,synthetic
2026-01-01T01:11:00+00:00,VirtualMachines,10.78,0,synthetic
2026-01-01T01:12:00+00:00,Intune_Enrollment,47.61,0,synthetic
2026-01-01T01:13:00+00:00,VirtualMachines,16.93,0,synthetic
2026-01-01T01:14:00+00:00,Intune_Enrollment,48.4,0,synthetic
2026-01-01T01:15:00+00:00,VirtualMachines,37.08,0,synthetic
2026-01-01T01:16:00+00:00,Intune_Enrollment,49.78,0,synthetic
2026-01-01T01:17:00+00:00,FinOps_Cost,24.71,0,synthetic
2026-01-01T01:18:00+00:00,Intune_Enrollment,10.45,0,synthetic
2026-01-01T01:19:00+00:00,VirtualMachines,7.88,0,synthetic
2026-01-01T01:20:00+00:00,Authentication,31.47,0,synthetic
2026-01-01T01:21:00+00:00,VirtualMachines,31.48,0,synthetic
2026-01-01T01:22:00+00:00,Authentication,8.19,0,synthetic
2026-01-01T01:23:00+00:00,Authentication,15.3,0,synthetic
2026-01-01T01:24:00+00:00,Authentication,43.68,0,synthetic
2026-01-01T01:25:00+00:00,Authentication,28.14,0,synthetic
2026-01-01T01:26:00+00:00,FinOps_Cost,35.1,0,synthetic
2026-01-01T01:27:00+00:00,VirtualMachines,29.27,0,synthetic
2026-01-01T01:28:00+00:00,Intune_Enrollment,15.93,0,synthetic
2026-01-01T01:29:00+00:00,Intune_Enrollment,41.34,0,synthetic
2026-01-01T01:30:00+00:00,VirtualMachines,9.24,0,synthetic
2026-01-01T01:31:00+00:00,Intune_Enrollment,20.94,0,synthetic
2026-01-01T01:32:00+00:00,Intune_Enrollment,26.02,0,synthetic
2026-01-01T01:33:00+00:00,Authentication,35.3,0,synthetic
2026-01-01T01:34:00+00:00,Authentication,7.73,0,synthetic
2026-01-01T01:35:00+00:00,FinOps_Cost,41.03,0,synthetic
2026-01-01T01:36:00+00:00,Authentication,16.19,0,synthetic
2026-01-01T01:37:00+00:00,VirtualMachines,29.13,0,synthetic
2026-01-01T01:38:00+00:00,VirtualMachines,23.98,0,synthetic
2026-01-01T01:39:00+00:00,FinOps_Cost,25.82,0,synthetic
2026-01-01T01:40:00+00:00,Authentication,943.13,1,synthetic
2026-01-01T01:41:00+00:00,Authentication,7.28,0,synthetic
2026-01-01T01:42:00+00:00,Authentication,48.6,0,synthetic
2026-01-01T01:43:00+00:00,VirtualMachines,12.48,0,synthetic
2026-01-01T01:44:00+00:00,Intune_Enrollment,26.66,0,synthetic
2026-01-01T01:45:00+00:00,Intune_Enrollment,45.61,0,synthetic
2026-01-01T01:46:00+00:00,VirtualMachines,22.05,0,synthetic
2026-01-01T01:47:00+00:00,Intune_Enrollment,16.93,0,synthetic
2026-01-01T01:48:00+00:00,Intune_Enrollment,17.84,0,synthetic
2026-01-01T01:49:00+00:00,Intune_Enrollment,11.97,0,synthetic
2026-01-01T01:50:00+00:00,FinOps_Cost,14.8,0,synthetic
2026-01-01T01:51:00+00:00,Authentication,31.06,0,synthetic
2026-01-01T01:52:00+00:00,Authentication,38.66,0,synthetic
2026-01-01T01:53:00+00:00,Authentication,7.26,0,synthetic
2026-01-01T01:54:00+00:00,Intune_Enrollment,27.63,0,synthetic
2026-01-01T01:55:00+00:00,VirtualMachines,7.56,0,synthetic
2026-01-01T01:56:00+00:00,Authentication,43.31,0,synthetic
2026-01-01T01:57:00+00:00,Authentication,31.78,0,synthetic
2026-01-01T01:58:00+00:00,VirtualMachines,23.17,0,synthetic
2026-01-01T01:59:00+00:00,VirtualMachines,31.05,0,synthetic
2026-01-01T02:00:00+00:00,Authentication,32.87,0,synthetic
2026-01-01T02:01:00+00:00,Intune_Enrollment,34.58,0,synthetic
2026-01-01T02:02:00+00:00,FinOps_Cost,47.06,0,synthetic
2026-01-01T02:03:00+00:00,VirtualMachines,35.14,0,synthetic
2026-01-01T02:04:00+00:00,FinOps_Cost,15.74,0,synthetic
2026-01-01T02:05:00+00:00,Intune_Enrollment,10.89,0,synthetic
2026-01-01T02:06:00+00:00,FinOps_Cost,25.58,0,synthetic
2026-01-01T02:07:00+00:00,Authentication,5.42,0,synthetic
2026-01-01T02:08:00+00:00,Authentication,8.3,0,synthetic
2026-01-01T02:09:00+00:00,VirtualMachines,27.76,0,synthetic
2026-01-01T02:10:00+00:00,VirtualMachines,47.0,0,synthetic
2026-01-01T02:11:00+00:00,Authentication,44.57,0,synthetic
2026-01-01T02:12:00+00:00,FinOps_Cost,17.82,0,synthetic
2026-01-01T02:13:00+00:00,Intune_Enrollment,42.52,0,synthetic
2026-01-01T02:14:00+00:00,FinOps_Cost,32.53,0,synthetic
2026-01-01T02:15:00+00:00,Authentication,35.05,0,synthetic
2026-01-01T02:16:00+00:00,FinOps_Cost,46.93,0,synthetic
2026-01-01T02:17:00+00:00,Authentication,47.25,0,synthetic
2026-01-01T02:18:00+00:00,VirtualMachines,16.9,0,synthetic
2026-01-01T02:19:00+00:00,Authentication,38.41,0,synthetic
2026-01-01T02:20:00+00:00,VirtualMachines,17.26,0,synthetic
2026-01-01T02:21:00+00:00,VirtualMachines,37.29,0,synthetic
2026-01-01T02:22:00+00:00,VirtualMachines,35.94,0,synthetic
2026-01-01T02:23:00+00:00,FinOps_Cost,27.74,0,synthetic
2026-01-01T02:24:00+00:00,FinOps_Cost,45.74,0,synthetic
2026-01-01T02:25:00+00:00,Authentication,9.15,0,synthetic
2026-01-01T02:26:00+00:00,Intune_Enrollment,42.32,0,synthetic
2026-01-01T02:27:00+00:00,Authentication,5.16,0,synthetic
2026-01-01T02:28:00+00:00,VirtualMachines,33.67,0,synthetic
2026-01-01T02:29:00+00:00,FinOps_Cost,12.27,0,synthetic
2026-01-01T02:30:00+00:00,Intune_Enrollment,1051.68,1,synthetic
2026-01-01T02:31:00+00:00,Intune_Enrollment,30.24,0,synthetic
2026-01-01T02:32:00+00:00,Authentication,8.39,0,synthetic
2026-01-01T02:33:00+00:00,VirtualMachines,29.55,0,synthetic
2026-01-01T02:34:00+00:00,FinOps_Cost,31.21,0,synthetic
2026-01-01T02:35:00+00:00,VirtualMachines,24.34,0,synthetic
2026-01-01T02:36:00+00:00,Authentication,18.87,0,synthetic
2026-01-01T02:37:00+00:00,Authentication,45.45,0,synthetic
2026-01-01T02:38:00+00:00,VirtualMachines,35.69,0,synthetic
2026-01-01T02:39:00+00:00,Authentication,20.92,0,synthetic
2026-01-01T02:40:00+00:00,Intune_Enrollment,48.82,0,synthetic
2026-01-01T02:41:00+00:00,VirtualMachines,46.66,0,synthetic
2026-01-01T02:42:00+00:00,VirtualMachines,43.91,0,synthetic
2026-01-01T02:43:00+00:00,VirtualMachines,44.66,0,synthetic
2026-01-01T02:44:00+00:00,Authentication,13.07,0,synthetic
2026-01-01T02:45:00+00:00,FinOps_Cost,40.21,0,synthetic
2026-01-01T02:46:00+00:00,Intune_Enrollment,41.1,0,synthetic
2026-01-01T02:47:00+00:00,VirtualMachines,17.01,0,synthetic
2026-01-01T02:48:00+00:00,Authentication,22.21,0,synthetic
2026-01-01T02:49:00+00:00,Authentication,43.64,0,synthetic
2026-01-01T02:50:00+00:00,VirtualMachines,13.98,0,synthetic
2026-01-01T02:51:00+00:00,Intune_Enrollment,20.73,0,synthetic
2026-01-01T02:52:00+00:00,VirtualMachines,15.03,0,synthetic
2026-01-01T02:53:00+00:00,VirtualMachines,22.93,0,synthetic
2026-01-01T02:54:00+00:00,FinOps_Cost,43.9,0,synthetic
2026-01-01T02:55:00+00:00,FinOps_Cost,20.8,0,synthetic
2026-01-01T02:56:00+00:00,Intune_Enrollment,35.58,0,synthetic
2026-01-01T02:57:00+00:00,FinOps_Cost,47.27,0,synthetic
2026-01-01T02:58:00+00:00,Authentication,44.47,0,synthetic
2026-01-01T02:59:00+00:00,FinOps_Cost,13.04,0,synthetic
2026-01-01T03:00:00+00:00,FinOps_Cost,6.72,0,synthetic
2026-01-01T03:01:00+00:00,Intune_Enrollment,20.56,0,synthetic
2026-01-01T03:02:00+00:00,FinOps_Cost,24.64,0,synthetic
2026-01-01T03:03:00+00:00,Authentication,22.33,0,synthetic
2026-01-01T03:04:00+00:00,VirtualMachines,16.46,0,synthetic
2026-01-01T03:05:00+00:00,Intune_Enrollment,5.08,0,synthetic
2026-01-01T03:06:00+00:00,VirtualMachines,21.39,0,synthetic
2026-01-01T03:07:00+00:00,Authentication,47.7,0,synthetic
2026-01-01T03:08:00+00:00,FinOps_Cost,33.04,0,synthetic
2026-01-01T03:09:00+00:00,Authentication,37.39,0,synthetic
2026-01-01T03:10:00+00:00,FinOps_Cost,27.82,0,synthetic
2026-01-01T03:11:00+00:00,Intune_Enrollment,19.68,0,synthetic
2026-01-01T03:12:00+00:00,FinOps_Cost,29.95,0,synthetic
2026-01-01T03:13:00+00:00,VirtualMachines,23.92,0,synthetic
2026-01-01T03:14:00+00:00,Intune_Enrollment,35.48,0,synthetic
2026-01-01T03:15:00+00:00,VirtualMachines,32.7,0,synthetic
2026-01-01T03:16:00+00:00,FinOps_Cost,23.27,0,synthetic
2026-01-01T03:17:00+00:00,Authentication,18.67,0,synthetic
2026-01-01T03:18:00+00:00,VirtualMachines,24.34,0,synthetic
2026-01-01T03:19:00+00:00,FinOps_Cost,25.92,0,synthetic
2026-01-01T03:20:00+00:00,Intune_Enrollment,1175.63,1,synthetic
2026-01-01T03:21:00+00:00,Intune_Enrollment,40.72,0,synthetic
2026-01-01T03:22:00+00:00,VirtualMachines,34.65,0,synthetic
2026-01-01T03:23:00+00:00,FinOps_Cost,28.2,0,synthetic
2026-01-01T03:24:00+00:00,FinOps_Cost,9.2,0,synthetic
2026-01-01T03:25:00+00:00,VirtualMachines,35.28,0,synthetic
2026-01-01T03:26:00+00:00,VirtualMachines,41.3,0,synthetic
2026-01-01T03:27:00+00:00,VirtualMachines,6.1,0,synthetic
2026-01-01T03:28:00+00:00,VirtualMachines,49.28,0,synthetic
2026-01-01T03:29:00+00:00,Authentication,25.49,0,synthetic
2026-01-01T03:30:00+00:00,VirtualMachines,37.33,0,synthetic
2026-01-01T03:31:00+00:00,Intune_Enrollment,27.25,0,synthetic
2026-01-01T03:32:00+00:00,VirtualMachines,11.64,0,synthetic
2026-01-01T03:33:00+00:00,Authentication,45.17,0,synthetic
2026-01-01T03:34:00+00:00,Authentication,40.03,0,synthetic
2026-01-01T03:35:00+00:00,VirtualMachines,12.91,0,synthetic
2026-01-01T03:36:00+00:00,Intune_Enrollment,7.26,0,synthetic
2026-01-01T03:37:00+00:00,VirtualMachines,46.29,0,synthetic
2026-01-01T03:38:00+00:00,Authentication,25.54,0,synthetic
2026-01-01T03:39:00+00:00,Intune_Enrollment,35.04,0,synthetic
2026-01-01T03:40:00+00:00,FinOps_Cost,47.75,0,synthetic
2026-01-01T03:41:00+00:00,Intune_Enrollment,32.57,0,synthetic
2026-01-01T03:42:00+00:00,Intune_Enrollment,42.38,0,synthetic
2026-01-01T03:43:00+00:00,Intune_Enrollment,45.37,0,synthetic
2026-01-01T03:44:00+00:00,Intune_Enrollment,25.25,0,synthetic
2026-01-01T03:45:00+00:00,VirtualMachines,42.79,0,synthetic
2026-01-01T03:46:00+00:00,FinOps_Cost,39.46,0,synthetic
2026-01-01T03:47:00+00:00,Intune_Enrollment,33.2,0,synthetic
2026-01-01T03:48:00+00:00,FinOps_Cost,24.79,0,synthetic
2026-01-01T03:49:00+00:00,FinOps_Cost,15.55,0,synthetic
2026-01-01T03:50:00+00:00,FinOps_Cost,19.39,0,synthetic
2026-01-01T03:51:00+00:00,Authentication,11.23,0,synthetic
2026-01-01T03:52:00+00:00,VirtualMachines,22.24,0,synthetic
2026-01-01T03:53:00+00:00,VirtualMachines,36.79,0,synthetic
2026-01-01T03:54:00+00:00,Authentication,23.67,0,synthetic
2026-01-01T03:55:00+00:00,FinOps_Cost,29.42,0,synthetic
2026-01-01T03:56:00+00:00,Intune_Enrollment,7.8,0,synthetic
2026-01-01T03:57:00+00:00,Intune_Enrollment,22.53,0,synthetic
2026-01-01T03:58:00+00:00,Authentication,43.55,0,synthetic
2026-01-01T03:59:00+00:00,Intune_Enrollment,26.46,0,synthetic
2026-01-01T04:00:00+00:00,FinOps_Cost,18.44,0,synthetic
2026-01-01T04:01:00+00:00,Intune_Enrollment,43.41,0,synthetic
2026-01-01T04:02:00+00:00,Intune_Enrollment,29.22,0,synthetic
2026-01-01T04:03:00+00:00,VirtualMachines,26.97,0,synthetic
2026-01-01T04:04:00+00:00,FinOps_Cost,24.61,0,synthetic
2026-01-01T04:05:00+00:00,Authentication,22.5,0,synthetic
2026-01-01T04:06:00+00:00,Intune_Enrollment,37.59,0,synthetic
2026-01-01T04:07:00+00:00,Intune_Enrollment,46.38,0,synthetic
2026-01-01T04:08:00+00:00,Authentication,45.81,0,synthetic
2026-01-01T04:09:00+00:00,Authentication,8.78,0,synthetic
2026-01-01T04:10:00+00:00,Intune_Enrollment,635.7,1,synthetic
2026-01-01T04:11:00+00:00,Intune_Enrollment,13.18,0,synthetic
2026-01-01T04:12:00+00:00,FinOps_Cost,22.06,0,synthetic
2026-01-01T04:13:00+00:00,VirtualMachines,25.46,0,synthetic
2026-01-01T04:14:00+00:00,FinOps_Cost,39.26,0,synthetic
2026-01-01T04:15:00+00:00,Intune_Enrollment,17.52,0,synthetic
2026-01-01T04:16:00+00:00,Intune_Enrollment,16.35,0,synthetic
2026-01-01T04:17:00+00:00,Authentication,26.16,0,synthetic
2026-01-01T04:18:00+00:00,Authentication,50.0,0,synthetic
2026-01-01T04:19:00+00:00,FinOps_Cost,15.09,0,synthetic
2026-01-01T04:20:00+00:00,Authentication,40.16,0,synthetic
2026-01-01T04:21:00+00:00,Authentication,38.94,0,synthetic
2026-01-01T04:22:00+00:00,VirtualMachines,13.97,0,synthetic
2026-01-01T04:23:00+00:00,Authentication,32.96,0,synthetic
2026-01-01T04:24:00+00:00,VirtualMachines,10.68,0,synthetic
2026-01-01T04:25:00+00:00,Authentication,30.38,0,synthetic
2026-01-01T04:26:00+00:00,VirtualMachines,25.93,0,synthetic
2026-01-01T04:27:00+00:00,FinOps_Cost,39.51,0,synthetic
2026-01-01T04:28:00+00:00,VirtualMachines,32.27,0,synthetic
2026-01-01T04:29:00+00:00,Authentication,40.0,0,synthetic
2026-01-01T04:30:00+00:00,VirtualMachines,48.41,0,synthetic
2026-01-01T04:31:00+00:00,Authentication,31.04,0,synthetic
2026-01-01T04:32:00+00:00,FinOps_Cost,30.91,0,synthetic
2026-01-01T04:33:00+00:00,Intune_Enrollment,22.85,0,synthetic
2026-01-01T04:34:00+00:00,VirtualMachines,8.42,0,synthetic
2026-01-01T04:35:00+00:00,VirtualMachines,9.59,0,synthetic
2026-01-01T04:36:00+00:00,FinOps_Cost,43.26,0,synthetic
2026-01-01T04:37:00+00:00,Authentication,40.83,0,synthetic
2026-01-01T04:38:00+00:00,Authentication,20.62,0,synthetic
2026-01-01T04:39:00+00:00,Intune_Enrollment,34.77,0,synthetic
2026-01-01T04:40:00+00:00,Authentication,27.77,0,synthetic
2026-01-01T04:41:00+00:00,FinOps_Cost,5.57,0,synthetic
2026-01-01T04:42:00+00:00,Intune_Enrollment,42.0,0,synthetic
2026-01-01T04:43:00+00:00,Authentication,24.51,0,synthetic
2026-01-01T04:44:00+00:00,FinOps_Cost,33.6,0,synthetic
2026-01-01T04:45:00+00:00,Intune_Enrollment,36.83,0,synthetic
2026-01-01T04:46:00+00:00,Intune_Enrollment,12.93,0,synthetic
2026-01-01T04:47:00+00:00,FinOps_Cost,32.72,0,synthetic
2026-01-01T04:48:00+00:00,Intune_Enrollment,25.92,0,synthetic
2026-01-01T04:49:00+00:00,FinOps_Cost,19.5,0,synthetic
2026-01-01T04:50:00+00:00,VirtualMachines,42.38,0,synthetic
2026-01-01T04:51:00+00:00,Authentication,17.55,0,synthetic
2026-01-01T04:52:00+00:00,Intune_Enrollment,15.97,0,synthetic
2026-01-01T04:53:00+00:00,Intune_Enrollment,30.64,0,synthetic
2026-01-01T04:54:00+00:00,Intune_Enrollment,20.14,0,synthetic
2026-01-01T04:55:00+00:00,Intune_Enrollment,43.29,0,synthetic
2026-01-01T04:56:00+00:00,VirtualMachines,26.94,0,synthetic
2026-01-01T04:57:00+00:00,FinOps_Cost,40.9,0,synthetic
2026-01-01T04:58:00+00:00,FinOps_Cost,17.58,0,synthetic
2026-01-01T04:59:00+00:00,FinOps_Cost,30.01,0,synthetic
2026-01-01T05:00:00+00:00,VirtualMachines,585.61,1,synthetic
2026-01-01T05:01:00+00:00,Intune_Enrollment,26.99,0,synthetic
2026-01-01T05:02:00+00:00,VirtualMachines,36.08,0,synthetic
2026-01-01T05:03:00+00:00,Intune_Enrollment,25.17,0,synthetic
2026-01-01T05:04:00+00:00,Authentication,9.19,0,synthetic
2026-01-01T05:05:00+00:00,VirtualMachines,23.2,0,synthetic
2026-01-01T05:06:00+00:00,VirtualMachines,18.78,0,synthetic
2026-01-01T05:07:00+00:00,FinOps_Cost,26.3,0,synthetic
2026-01-01T05:08:00+00:00,FinOps_Cost,24.15,0,synthetic
2026-01-01T05:09:00+00:00,FinOps_Cost,20.83,0,synthetic
2026-01-01T05:10:00+00:00,Intune_Enrollment,17.19,0,synthetic
2026-01-01T05:11:00+00:00,FinOps_Cost,15.37,0,synthetic
2026-01-01T05:12:00+00:00,VirtualMachines,19.2,0,synthetic
2026-01-01T05:13:00+00:00,VirtualMachines,13.62,0,synthetic
2026-01-01T05:14:00+00:00,Intune_Enrollment,17.44,0,synthetic
2026-01-01T05:15:00+00:00,FinOps_Cost,49.12,0,synthetic
2026-01-01T05:16:00+00:00,VirtualMachines,18.33,0,synthetic
2026-01-01T05:17:00+00:00,FinOps_Cost,13.07,0,synthetic
2026-01-01T05:18:00+00:00,Authentication,36.86,0,synthetic
2026-01-01T05:19:00+00:00,VirtualMachines,17.34,0,synthetic
2026-01-01T05:20:00+00:00,Authentication,29.9,0,synthetic
2026-01-01T05:21:00+00:00,VirtualMachines,33.7,0,synthetic
2026-01-01T05:22:00+00:00,Intune_Enrollment,9.62,0,synthetic
2026-01-01T05:23:00+00:00,Authentication,30.83,0,synthetic
2026-01-01T05:24:00+00:00,Intune_Enrollment,26.54,0,synthetic
2026-01-01T05:25:00+00:00,FinOps_Cost,13.3,0,synthetic
2026-01-01T05:26:00+00:00,Authentication,16.36,0,synthetic
2026-01-01T05:27:00+00:00,Intune_Enrollment,10.13,0,synthetic
2026-01-01T05:28:00+00:00,Authentication,23.03,0,synthetic
2026-01-01T05:29:00+00:00,Authentication,30.97,0,synthetic
2026-01-01T05:30:00+00:00,Authentication,11.83,0,synthetic
2026-01-01T05:31:00+00:00,FinOps_Cost,8.83,0,synthetic
2026-01-01T05:32:00+00:00,VirtualMachines,10.33,0,synthetic
2026-01-01T05:33:00+00:00,Intune_Enrollment,32.28,0,synthetic
2026-01-01T05:34:00+00:00,VirtualMachines,39.91,0,synthetic
2026-01-01T05:35:00+00:00,Intune_Enrollment,25.27,0,synthetic
2026-01-01T05:36:00+00:00,Intune_Enrollment,18.38,0,synthetic
2026-01-01T05:37:00+00:00,Intune_Enrollment,18.74,0,synthetic
2026-01-01T05:38:00+00:00,Authentication,32.43,0,synthetic
2026-01-01T05:39:00+00:00,Authentication,47.64,0,synthetic
2026-01-01T05:40:00+00:00,VirtualMachines,33.15,0,synthetic
2026-01-01T05:41:00+00:00,FinOps_Cost,34.72,0,synthetic
2026-01-01T05:42:00+00:00,VirtualMachines,15.79,0,synthetic
2026-01-01T05:43:00+00:00,Authentication,12.04,0,synthetic
2026-01-01T05:44:00+00:00,Intune_Enrollment,25.27,0,synthetic
2026-01-01T05:45:00+00:00,Intune_Enrollment,18.11,0,synthetic
2026-01-01T05:46:00+00:00,VirtualMachines,17.96,0,synthetic
2026-01-01T05:47:00+00:00,FinOps_Cost,36.63,0,synthetic
2026-01-01T05:48:00+00:00,Intune_Enrollment,8.2,0,synthetic
2026-01-01T05:49:00+00:00,VirtualMachines,46.58,0,synthetic
2026-01-01T05:50:00+00:00,VirtualMachines,925.14,1,synthetic
2026-01-01T05:51:00+00:00,VirtualMachines,34.14,0,synthetic
2026-01-01T05:52:00+00:00,FinOps_Cost,42.2,0,synthetic
2026-01-01T05:53:00+00:00,Authentication,7.68,0,synthetic
2026-01-01T05:54:00+00:00,FinOps_Cost,31.78,0,synthetic
2026-01-01T05:55:00+00:00,FinOps_Cost,24.76,0,synthetic
2026-01-01T05:56:00+00:00,Intune_Enrollment,35.99,0,synthetic
2026-01-01T05:57:00+00:00,Intune_Enrollment,47.42,0,synthetic
2026-01-01T05:58:00+00:00,Intune_Enrollment,24.7,0,synthetic
2026-01-01T05:59:00+00:00,Authentication,45.02,0,synthetic
2026-01-01T06:00:00+00:00,FinOps_Cost,32.17,0,synthetic
2026-01-01T06:01:00+00:00,Authentication,9.11,0,synthetic
2026-01-01T06:02:00+00:00,Authentication,49.98,0,synthetic
2026-01-01T06:03:00+00:00,FinOps_Cost,30.93,0,synthetic
2026-01-01T06:04:00+00:00,VirtualMachines,26.17,0,synthetic
2026-01-01T06:05:00+00:00,Intune_Enrollment,46.22,0,synthetic
2026-01-01T06:06:00+00:00,VirtualMachines,49.86,0,synthetic
2026-01-01T06:07:00+00:00,Intune_Enrollment,33.57,0,synthetic
2026-01-01T06:08:00+00:00,Intune_Enrollment,48.61,0,synthetic
2026-01-01T06:09:00+00:00,Intune_Enrollment,20.66,0,synthetic
2026-01-01T06:10:00+00:00,FinOps_Cost,19.45,0,synthetic
2026-01-01T06:11:00+00:00,Authentication,43.6,0,synthetic
2026-01-01T06:12:00+00:00,FinOps_Cost,23.52,0,synthetic
2026-01-01T06:13:00+00:00,Intune_Enrollment,17.97,0,synthetic
2026-01-01T06:14:00+00:00,Intune_Enrollment,41.61,0,synthetic
2026-01-01T06:15:00+00:00,Authentication,25.47,0,synthetic
2026-01-01T06:16:00+00:00,FinOps_Cost,16.36,0,synthetic
2026-01-01T06:17:00+00:00,Authentication,48.66,0,synthetic
2026-01-01T06:18:00+00:00,Intune_Enrollment,43.92,0,synthetic
2026-01-01T06:19:00+00:00,Authentication,34.59,0,synthetic
2026-01-01T06:20:00+00:00,Intune_Enrollment,23.6,0,synthetic
2026-01-01T06:21:00+00:00,VirtualMachines,28.33,0,synthetic
2026-01-01T06:22:00+00:00,Intune_Enrollment,33.14,0,synthetic
2026-01-01T06:23:00+00:00,Authentication,14.16,0,synthetic
2026-01-01T06:24:00+00:00,VirtualMachines,46.75,0,synthetic
2026-01-01T06:25:00+00:00,Intune_Enrollment,44.64,0,synthetic
2026-01-01T06:26:00+00:00,Intune_Enrollment,10.46,0,synthetic
2026-01-01T06:27:00+00:00,VirtualMachines,36.94,0,synthetic
2026-01-01T06:28:00+00:00,FinOps_Cost,29.79,0,synthetic
2026-01-01T06:29:00+00:00,Intune_Enrollment,9.19,0,synthetic
2026-01-01T06:30:00+00:00,Authentication,25.77,0,synthetic
2026-01-01T06:31:00+00:00,Authentication,34.15,0,synthetic
2026-01-01T06:32:00+00:00,VirtualMachines,27.43,0,synthetic
2026-01-01T06:33:00+00:00,FinOps_Cost,27.9,0,synthetic
2026-01-01T06:34:00+00:00,FinOps_Cost,23.7,0,synthetic
2026-01-01T06:35:00+00:00,Intune_Enrollment,49.11,0,synthetic
2026-01-01T06:36:00+00:00,VirtualMachines,25.56,0,synthetic
2026-01-01T06:37:00+00:00,VirtualMachines,22.26,0,synthetic
2026-01-01T06:38:00+00:00,VirtualMachines,43.88,0,synthetic
2026-01-01T06:39:00+00:00,FinOps_Cost,39.77,0,synthetic
2026-01-01T06:40:00+00:00,Intune_Enrollment,839.88,1,synthetic
2026-01-01T06:41:00+00:00,FinOps_Cost,41.92,0,synthetic
2026-01-01T06:42:00+00:00,FinOps_Cost,37.67,0,synthetic
2026-01-01T06:43:00+00:00,Intune_Enrollment,43.94,0,synthetic
2026-01-01T06:44:00+00:00,Intune_Enrollment,29.24,0,synthetic
2026-01-01T06:45:00+00:00,FinOps_Cost,19.96,0,synthetic
2026-01-01T06:46:00+00:00,Intune_Enrollment,25.49,0,synthetic
2026-01-01T06:47:00+00:00,FinOps_Cost,44.13,0,synthetic
2026-01-01T06:48:00+00:00,VirtualMachines,30.73,0,synthetic
2026-01-01T06:49:00+00:00,VirtualMachines,43.52,0,synthetic
2026-01-01T06:50:00+00:00,Intune_Enrollment,6.96,0,synthetic
2026-01-01T06:51:00+00:00,Intune_Enrollment,36.74,0,synthetic
2026-01-01T06:52:00+00:00,Intune_Enrollment,22.37,0,synthetic
2026-01-01T06:53:00+00:00,VirtualMachines,27.29,0,synthetic
2026-01-01T06:54:00+00:00,Authentication,10.68,0,synthetic
2026-01-01T06:55:00+00:00,FinOps_Cost,44.14,0,synthetic
2026-01-01T06:56:00+00:00,Intune_Enrollment,9.49,0,synthetic
2026-01-01T06:57:00+00:00,Intune_Enrollment,5.69,0,synthetic
2026-01-01T06:58:00+00:00,VirtualMachines,23.45,0,synthetic
2026-01-01T06:59:00+00:00,VirtualMachines,8.37,0,synthetic
2026-01-01T07:00:00+00:00,FinOps_Cost,20.24,0,synthetic
2026-01-01T07:01:00+00:00,Intune_Enrollment,34.24,0,synthetic
2026-01-01T07:02:00+00:00,FinOps_Cost,43.36,0,synthetic
2026-01-01T07:03:00+00:00,Intune_Enrollment,47.94,0,synthetic
2026-01-01T07:04:00+00:00,Intune_Enrollment,44.26,0,synthetic
2026-01-01T07:05:00+00:00,Authentication,32.79,0,synthetic
2026-01-01T07:06:00+00:00,VirtualMachines,33.4,0,synthetic
2026-01-01T07:07:00+00:00,FinOps_Cost,49.88,0,synthetic
2026-01-01T07:08:00+00:00,Authentication,24.53,0,synthetic
2026-01-01T07:09:00+00:00,Authentication,39.22,0,synthetic
2026-01-01T07:10:00+00:00,Authentication,24.97,0,synthetic
2026-01-01T07:11:00+00:00,FinOps_Cost,45.65,0,synthetic
2026-01-01T07:12:00+00:00,Authentication,19.6,0,synthetic
2026-01-01T07:13:00+00:00,Authentication,18.2,0,synthetic
2026-01-01T07:14:00+00:00,FinOps_Cost,24.38,0,synthetic
2026-01-01T07:15:00+00:00,VirtualMachines,28.9,0,synthetic
2026-01-01T07:16:00+00:00,VirtualMachines,12.65,0,synthetic
2026-01-01T07:17:00+00:00,Authentication,32.43,0,synthetic
2026-01-01T07:18:00+00:00,Intune_Enrollment,32.89,0,synthetic
2026-01-01T07:19:00+00:00,VirtualMachines,27.4,0,synthetic
2026-01-01T07:20:00+00:00,VirtualMachines,15.45,0,synthetic
2026-01-01T07:21:00+00:00,FinOps_Cost,25.68,0,synthetic
2026-01-01T07:22:00+00:00,Authentication,45.45,0,synthetic
2026-01-01T07:23:00+00:00,Intune_Enrollment,45.55,0,synthetic
2026-01-01T07:24:00+00:00,VirtualMachines,8.32,0,synthetic
2026-01-01T07:25:00+00:00,FinOps_Cost,49.44,0,synthetic
2026-01-01T07:26:00+00:00,FinOps_Cost,33.75,0,synthetic
2026-01-01T07:27:00+00:00,Intune_Enrollment,36.06,0,synthetic
2026-01-01T07:28:00+00:00,Intune_Enrollment,43.04,0,synthetic
2026-01-01T07:29:00+00:00,VirtualMachines,49.97,0,synthetic
2026-01-01T07:30:00+00:00,Intune_Enrollment,606.65,1,synthetic
2026-01-01T07:31:00+00:00,Intune_Enrollment,30.74,0,synthetic
2026-01-01T07:32:00+00:00,FinOps_Cost,49.67,0,synthetic
2026-01-01T07:33:00+00:00,FinOps_Cost,5.99,0,synthetic
2026-01-01T07:34:00+00:00,Intune_Enrollment,17.35,0,synthetic
2026-01-01T07:35:00+00:00,Authentication,45.98,0,synthetic
2026-01-01T07:36:00+00:00,Intune_Enrollment,42.48,0,synthetic
2026-01-01T07:37:00+00:00,FinOps_Cost,39.91,0,synthetic
2026-01-01T07:38:00+00:00,VirtualMachines,32.32,0,synthetic
2026-01-01T07:39:00+00:00,FinOps_Cost,14.86,0,synthetic
2026-01-01T07:40:00+00:00,VirtualMachines,32.94,0,synthetic
2026-01-01T07:41:00+00:00,VirtualMachines,33.27,0,synthetic
2026-01-01T07:42:00+00:00,Authentication,18.9,0,synthetic
2026-01-01T07:43:00+00:00,Intune_Enrollment,6.5,0,synthetic
2026-01-01T07:44:00+00:00,FinOps_Cost,37.96,0,synthetic
2026-01-01T07:45:00+00:00,Authentication,45.93,0,synthetic
2026-01-01T07:46:00+00:00,FinOps_Cost,38.64,0,synthetic
2026-01-01T07:47:00+00:00,VirtualMachines,14.04,0,synthetic
2026-01-01T07:48:00+00:00,FinOps_Cost,28.89,0,synthetic
2026-01-01T07:49:00+00:00,FinOps_Cost,42.37,0,synthetic
2026-01-01T07:50:00+00:00,FinOps_Cost,46.13,0,synthetic
2026-01-01T07:51:00+00:00,Intune_Enrollment,48.53,0,synthetic
2026-01-01T07:52:00+00:00,FinOps_Cost,38.6,0,synthetic
2026-01-01T07:53:00+00:00,FinOps_Cost,41.19,0,synthetic
2026-01-01T07:54:00+00:00,Intune_Enrollment,48.33,0,synthetic
2026-01-01T07:55:00+00:00,VirtualMachines,38.94,0,synthetic
2026-01-01T07:56:00+00:00,VirtualMachines,43.71,0,synthetic
2026-01-01T07:57:00+00:00,Intune_Enrollment,48.53,0,synthetic
2026-01-01T07:58:00+00:00,FinOps_Cost,9.06,0,synthetic
2026-01-01T07:59:00+00:00,Intune_Enrollment,5.63,0,synthetic
2026-01-01T08:00:00+00:00,Authentication,25.47,0,synthetic
2026-01-01T08:01:00+00:00,FinOps_Cost,31.31,0,synthetic
2026-01-01T08:02:00+00:00,FinOps_Cost,9.88,0,synthetic
2026-01-01T08:03:00+00:00,VirtualMachines,26.22,0,synthetic
2026-01-01T08:04:00+00:00,FinOps_Cost,46.19,0,synthetic
2026-01-01T08:05:00+00:00,VirtualMachines,34.14,0,synthetic
2026-01-01T08:06:00+00:00,Intune_Enrollment,45.92,0,synthetic
2026-01-01T08:07:00+00:00,FinOps_Cost,34.22,0,synthetic
2026-01-01T08:08:00+00:00,Authentication,11.29,0,synthetic
2026-01-01T08:09:00+00:00,Authentication,18.7,0,synthetic
2026-01-01T08:10:00+00:00,Intune_Enrollment,10.23,0,synthetic
2026-01-01T08:11:00+00:00,VirtualMachines,44.93,0,synthetic
2026-01-01T08:12:00+00:00,VirtualMachines,22.49,0,synthetic
2026-01-01T08:13:00+00:00,FinOps_Cost,35.17,0,synthetic
2026-01-01T08:14:00+00:00,Intune_Enrollment,31.43,0,synthetic
2026-01-01T08:15:00+00:00,VirtualMachines,44.84,0,synthetic
2026-01-01T08:16:00+00:00,Authentication,42.52,0,synthetic
2026-01-01T08:17:00+00:00,Intune_Enrollment,47.26,0,synthetic
2026-01-01T08:18:00+00:00,FinOps_Cost,6.47,0,synthetic
2026-01-01T08:19:00+00:00,FinOps_Cost,14.78,0,synthetic
2026-01-01T08:20:00+00:00,Intune_Enrollment,1450.56,1,synthetic
2026-01-01T08:21:00+00:00,FinOps_Cost,9.47,0,synthetic
2026-01-01T08:22:00+00:00,FinOps_Cost,29.5,0,synthetic
2026-01-01T08:23:00+00:00,FinOps_Cost,7.72,0,synthetic
2026-01-01T08:24:00+00:00,FinOps_Cost,13.54,0,synthetic
2026-01-01T08:25:00+00:00,Authentication,47.71,0,synthetic
2026-01-01T08:26:00+00:00,Intune_Enrollment,9.13,0,synthetic
2026-01-01T08:27:00+00:00,VirtualMachines,33.88,0,synthetic
2026-01-01T08:28:00+00:00,Authentication,7.28,0,synthetic
2026-01-01T08:29:00+00:00,FinOps_Cost,15.96,0,synthetic
2026-01-01T08:30:00+00:00,VirtualMachines,40.41,0,synthetic
2026-01-01T08:31:00+00:00,VirtualMachines,8.09,0,synthetic
2026-01-01T08:32:00+00:00,VirtualMachines,31.39,0,synthetic
2026-01-01T08:33:00+00:00,VirtualMachines,19.79,0,synthetic
2026-01-01T08:34:00+00:00,VirtualMachines,40.49,0,synthetic
2026-01-01T08:35:00+00:00,Authentication,17.48,0,synthetic
2026-01-01T08:36:00+00:00,VirtualMachines,49.44,0,synthetic
2026-01-01T08:37:00+00:00,FinOps_Cost,40.93,0,synthetic
2026-01-01T08:38:00+00:00,Authentication,34.75,0,synthetic
2026-01-01T08:39:00+00:00,Authentication,10.93,0,synthetic
2026-01-01T08:40:00+00:00,FinOps_Cost,40.55,0,synthetic
2026-01-01T08:41:00+00:00,VirtualMachines,31.5,0,synthetic
2026-01-01T08:42:00+00:00,Authentication,12.84,0,synthetic
2026-01-01T08:43:00+00:00,Authentication,10.7,0,synthetic
2026-01-01T08:44:00+00:00,Intune_Enrollment,28.67,0,synthetic
2026-01-01T08:45:00+00:00,Authentication,26.43,0,synthetic
2026-01-01T08:46:00+00:00,FinOps_Cost,28.1,0,synthetic
2026-01-01T08:47:00+00:00,Authentication,25.34,0,synthetic
2026-01-01T08:48:00+00:00,VirtualMachines,47.54,0,synthetic
2026-01-01T08:49:00+00:00,Authentication,37.73,0,synthetic
2026-01-01T08:50:00+00:00,FinOps_Cost,25.61,0,synthetic
2026-01-01T08:51:00+00:00,Authentication,7.74,0,synthetic
2026-01-01T08:52:00+00:00,Intune_Enrollment,43.13,0,synthetic
2026-01-01T08:53:00+00:00,Intune_Enrollment,35.87,0,synthetic
2026-01-01T08:54:00+00:00,Intune_Enrollment,37.06,0,synthetic
2026-01-01T08:55:00+00:00,Intune_Enrollment,8.31,0,synthetic
2026-01-01T08:56:00+00:00,Authentication,19.5,0,synthetic
2026-01-01T08:57:00+00:00,VirtualMachines,7.96,0,synthetic
2026-01-01T08:58:00+00:00,FinOps_Cost,33.09,0,synthetic
2026-01-01T08:59:00+00:00,FinOps_Cost,22.14,0,synthetic
2026-01-01T09:00:00+00:00,FinOps_Cost,25.42,0,synthetic
2026-01-01T09:01:00+00:00,Intune_Enrollment,9.46,0,synthetic
2026-01-01T09:02:00+00:00,Authentication,43.38,0,synthetic
2026-01-01T09:03:00+00:00,VirtualMachines,24.35,0,synthetic
2026-01-01T09:04:00+00:00,VirtualMachines,23.62,0,synthetic
2026-01-01T09:05:00+00:00,Intune_Enrollment,22.94,0,synthetic
2026-01-01T09:06:00+00:00,Authentication,19.06,0,synthetic
2026-01-01T09:07:00+00:00,FinOps_Cost,34.93,0,synthetic
2026-01-01T09:08:00+00:00,FinOps_Cost,47.91,0,synthetic
2026-01-01T09:09:00+00:00,Intune_Enrollment,8.02,0,synthetic
2026-01-01T09:10:00+00:00,Authentication,593.23,1,synthetic
2026-01-01T09:11:00+00:00,Authentication,38.51,0,synthetic
2026-01-01T09:12:00+00:00,FinOps_Cost,41.53,0,synthetic
2026-01-01T09:13:00+00:00,Authentication,31.39,0,synthetic
2026-01-01T09:14:00+00:00,FinOps_Cost,35.15,0,synthetic
2026-01-01T09:15:00+00:00,Intune_Enrollment,20.91,0,synthetic
2026-01-01T09:16:00+00:00,Intune_Enrollment,44.06,0,synthetic
2026-01-01T09:17:00+00:00,Authentication,48.58,0,synthetic
2026-01-01T09:18:00+00:00,FinOps_Cost,20.82,0,synthetic
2026-01-01T09:19:00+00:00,VirtualMachines,11.96,0,synthetic
2026-01-01T09:20:00+00:00,Intune_Enrollment,15.09,0,synthetic
2026-01-01T09:21:00+00:00,Authentication,20.76,0,synthetic
2026-01-01T09:22:00+00:00,FinOps_Cost,10.17,0,synthetic
2026-01-01T09:23:00+00:00,FinOps_Cost,30.83,0,synthetic
2026-01-01T09:24:00+00:00,Intune_Enrollment,43.03,0,synthetic
2026-01-01T09:25:00+00:00,Authentication,32.4,0,synthetic
2026-01-01T09:26:00+00:00,FinOps_Cost,6.3,0,synthetic
2026-01-01T09:27:00+00:00,FinOps_Cost,36.62,0,synthetic
2026-01-01T09:28:00+00:00,FinOps_Cost,46.47,0,synthetic
2026-01-01T09:29:00+00:00,FinOps_Cost,5.27,0,synthetic
2026-01-01T09:30:00+00:00,VirtualMachines,30.48,0,synthetic
2026-01-01T09:31:00+00:00,Intune_Enrollment,8.13,0,synthetic
2026-01-01T09:32:00+00:00,Authentication,9.13,0,synthetic
2026-01-01T09:33:00+00:00,VirtualMachines,21.93,0,synthetic
2026-01-01T09:34:00+00:00,Intune_Enrollment,20.34,0,synthetic
2026-01-01T09:35:00+00:00,FinOps_Cost,19.02,0,synthetic
2026-01-01T09:36:00+00:00,FinOps_Cost,39.96,0,synthetic
2026-01-01T09:37:00+00:00,Authentication,44.75,0,synthetic
2026-01-01T09:38:00+00:00,VirtualMachines,12.08,0,synthetic
2026-01-01T09:39:00+00:00,Authentication,35.33,0,synthetic
2026-01-01T09:40:00+00:00,FinOps_Cost,24.94,0,synthetic
2026-01-01T09:41:00+00:00,Intune_Enrollment,26.85,0,synthetic
2026-01-01T09:42:00+00:00,Intune_Enrollment,23.64,0,synthetic
2026-01-01T09:43:00+00:00,VirtualMachines,38.97,0,synthetic
2026-01-01T09:44:00+00:00,Authentication,20.53,0,synthetic
2026-01-01T09:45:00+00:00,Authentication,17.75,0,synthetic
2026-01-01T09:46:00+00:00,Intune_Enrollment,28.71,0,synthetic
2026-01-01T09:47:00+00:00,FinOps_Cost,7.04,0,synthetic
2026-01-01T09:48:00+00:00,Intune_Enrollment,49.3,0,synthetic
2026-01-01T09:49:00+00:00,Authentication,5.35,0,synthetic
2026-01-01T09:50:00+00:00,FinOps_Cost,47.54,0,synthetic
2026-01-01T09:51:00+00:00,VirtualMachines,39.39,0,synthetic
2026-01-01T09:52:00+00:00,FinOps_Cost,19.77,0,synthetic
2026-01-01T09:53:00+00:00,Authentication,27.38,0,synthetic
2026-01-01T09:54:00+00:00,Intune_Enrollment,12.91,0,synthetic
2026-01-01T09:55:00+00:00,Intune_Enrollment,28.97,0,synthetic
2026-01-01T09:56:00+00:00,VirtualMachines,27.51,0,synthetic
2026-01-01T09:57:00+00:00,FinOps_Cost,8.24,0,synthetic
2026-01-01T09:58:00+00:00,Authentication,24.63,0,synthetic
2026-01-01T09:59:00+00:00,Intune_Enrollment,46.45,0,synthetic
2026-01-01T10:00:00+00:00,FinOps_Cost,1075.76,1,synthetic
2026-01-01T10:01:00+00:00,Intune_Enrollment,36.93,0,synthetic
2026-01-01T10:02:00+00:00,Intune_Enrollment,18.03,0,synthetic
2026-01-01T10:03:00+00:00,Intune_Enrollment,5.94,0,synthetic
2026-01-01T10:04:00+00:00,FinOps_Cost,12.73,0,synthetic
2026-01-01T10:05:00+00:00,Intune_Enrollment,42.44,0,synthetic
2026-01-01T10:06:00+00:00,FinOps_Cost,8.97,0,synthetic
2026-01-01T10:07:00+00:00,Authentication,15.95,0,synthetic
2026-01-01T10:08:00+00:00,Intune_Enrollment,28.58,0,synthetic
2026-01-01T10:09:00+00:00,Intune_Enrollment,44.17,0,synthetic
2026-01-01T10:10:00+00:00,FinOps_Cost,14.97,0,synthetic
2026-01-01T10:11:00+00:00,VirtualMachines,8.44,0,synthetic
2026-01-01T10:12:00+00:00,Authentication,28.88,0,synthetic
2026-01-01T10:13:00+00:00,VirtualMachines,45.77,0,synthetic
2026-01-01T10:14:00+00:00,FinOps_Cost,20.8,0,synthetic
2026-01-01T10:15:00+00:00,VirtualMachines,15.63,0,synthetic
2026-01-01T10:16:00+00:00,VirtualMachines,16.52,0,synthetic
2026-01-01T10:17:00+00:00,VirtualMachines,32.11,0,synthetic
2026-01-01T10:18:00+00:00,Authentication,12.97,0,synthetic
2026-01-01T10:19:00+00:00,Intune_Enrollment,25.88,0,synthetic
2026-01-01T10:20:00+00:00,Intune_Enrollment,35.65,0,synthetic
2026-01-01T10:21:00+00:00,FinOps_Cost,43.89,0,synthetic
2026-01-01T10:22:00+00:00,FinOps_Cost,11.79,0,synthetic
2026-01-01T10:23:00+00:00,Authentication,26.1,0,synthetic
2026-01-01T10:24:00+00:00,FinOps_Cost,40.83,0,synthetic
2026-01-01T10:25:00+00:00,Authentication,20.84,0,synthetic
2026-01-01T10:26:00+00:00,Authentication,18.97,0,synthetic
2026-01-01T10:27:00+00:00,Intune_Enrollment,6.69,0,synthetic
2026-01-01T10:28:00+00:00,FinOps_Cost,42.43,0,synthetic
2026-01-01T10:29:00+00:00,Authentication,34.01,0,synthetic
2026-01-01T10:30:00+00:00,Authentication,32.68,0,synthetic
2026-01-01T10:31:00+00:00,Intune_Enrollment,25.82,0,synthetic
2026-01-01T10:32:00+00:00,Authentication,25.24,0,synthetic
2026-01-01T10:33:00+00:00,VirtualMachines,19.47,0,synthetic
2026-01-01T10:34:00+00:00,Intune_Enrollment,27.56,0,synthetic
2026-01-01T10:35:00+00:00,Authentication,25.27,0,synthetic
2026-01-01T10:36:00+00:00,FinOps_Cost,49.21,0,synthetic
2026-01-01T10:37:00+00:00,Authentication,27.7,0,synthetic
2026-01-01T10:38:00+00:00,VirtualMachines,6.76,0,synthetic
2026-01-01T10:39:00+00:00,Intune_Enrollment,49.59,0,synthetic
2026-01-01T10:40:00+00:00,VirtualMachines,21.38,0,synthetic
2026-01-01T10:41:00+00:00,FinOps_Cost,22.43,0,synthetic
2026-01-01T10:42:00+00:00,FinOps_Cost,35.55,0,synthetic
2026-01-01T10:43:00+00:00,Authentication,40.52,0,synthetic
2026-01-01T10:44:00+00:00,FinOps_Cost,7.97,0,synthetic
2026-01-01T10:45:00+00:00,Authentication,30.11,0,synthetic
2026-01-01T10:46:00+00:00,Intune_Enrollment,17.79,0,synthetic
2026-01-01T10:47:00+00:00,VirtualMachines,20.0,0,synthetic
2026-01-01T10:48:00+00:00,VirtualMachines,46.25,0,synthetic
2026-01-01T10:49:00+00:00,FinOps_Cost,48.55,0,synthetic
2026-01-01T10:50:00+00:00,Intune_Enrollment,628.95,1,synthetic
2026-01-01T10:51:00+00:00,Authentication,18.93,0,synthetic
2026-01-01T10:52:00+00:00,Intune_Enrollment,33.96,0,synthetic
2026-01-01T10:53:00+00:00,FinOps_Cost,41.59,0,synthetic
2026-01-01T10:54:00+00:00,Authentication,34.07,0,synthetic
2026-01-01T10:55:00+00:00,Intune_Enrollment,27.88,0,synthetic
2026-01-01T10:56:00+00:00,Authentication,21.32,0,synthetic
2026-01-01T10:57:00+00:00,VirtualMachines,47.8,0,synthetic
2026-01-01T10:58:00+00:00,FinOps_Cost,47.65,0,synthetic
2026-01-01T10:59:00+00:00,Intune_Enrollment,13.64,0,synthetic
2026-01-01T11:00:00+00:00,VirtualMachines,11.97,0,synthetic
2026-01-01T11:01:00+00:00,FinOps_Cost,43.0,0,synthetic
2026-01-01T11:02:00+00:00,Authentication,27.85,0,synthetic
2026-01-01T11:03:00+00:00,Authentication,34.79,0,synthetic
2026-01-01T11:04:00+00:00,VirtualMachines,31.88,0,synthetic
2026-01-01T11:05:00+00:00,VirtualMachines,12.3,0,synthetic
2026-01-01T11:06:00+00:00,VirtualMachines,37.45,0,synthetic
2026-01-01T11:07:00+00:00,Authentication,23.49,0,synthetic
2026-01-01T11:08:00+00:00,VirtualMachines,48.63,0,synthetic
2026-01-01T11:09:00+00:00,FinOps_Cost,38.86,0,synthetic
2026-01-01T11:10:00+00:00,Intune_Enrollment,15.53,0,synthetic
2026-01-01T11:11:00+00:00,VirtualMachines,18.93,0,synthetic
2026-01-01T11:12:00+00:00,Intune_Enrollment,45.68,0,synthetic
2026-01-01T11:13:00+00:00,VirtualMachines,21.55,0,synthetic
2026-01-01T11:14:00+00:00,Intune_Enrollment,25.78,0,synthetic
2026-01-01T11:15:00+00:00,FinOps_Cost,40.02,0,synthetic
2026-01-01T11:16:00+00:00,Intune_Enrollment,48.48,0,synthetic
2026-01-01T11:17:00+00:00,VirtualMachines,41.06,0,synthetic
2026-01-01T11:18:00+00:00,VirtualMachines,44.29,0,synthetic
2026-01-01T11:19:00+00:00,Authentication,33.85,0,synthetic
2026-01-01T11:20:00+00:00,FinOps_Cost,29.95,0,synthetic
2026-01-01T11:21:00+00:00,Authentication,37.01,0,synthetic
2026-01-01T11:22:00+00:00,Authentication,17.83,0,synthetic
2026-01-01T11:23:00+00:00,VirtualMachines,17.28,0,synthetic
2026-01-01T11:24:00+00:00,VirtualMachines,42.4,0,synthetic
2026-01-01T11:25:00+00:00,Authentication,47.59,0,synthetic
2026-01-01T11:26:00+00:00,VirtualMachines,41.75,0,synthetic
2026-01-01T11:27:00+00:00,FinOps_Cost,46.87,0,synthetic
2026-01-01T11:28:00+00:00,Intune_Enrollment,7.4,0,synthetic
2026-01-01T11:29:00+00:00,FinOps_Cost,15.61,0,synthetic
2026-01-01T11:30:00+00:00,Authentication,21.87,0,synthetic
2026-01-01T11:31:00+00:00,Authentication,19.34,0,synthetic
2026-01-01T11:32:00+00:00,Authentication,42.76,0,synthetic
2026-01-01T11:33:00+00:00,FinOps_Cost,40.61,0,synthetic
2026-01-01T11:34:00+00:00,VirtualMachines,6.72,0,synthetic
2026-01-01T11:35:00+00:00,Intune_Enrollment,36.32,0,synthetic
2026-01-01T11:36:00+00:00,VirtualMachines,39.15,0,synthetic
2026-01-01T11:37:00+00:00,Intune_Enrollment,25.19,0,synthetic
2026-01-01T11:38:00+00:00,Authentication,45.76,0,synthetic
2026-01-01T11:39:00+00:00,Authentication,16.52,0,synthetic
2026-01-01T11:40:00+00:00,VirtualMachines,1048.8,1,synthetic
2026-01-01T11:41:00+00:00,Intune_Enrollment,10.0,0,synthetic
2026-01-01T11:42:00+00:00,FinOps_Cost,15.69,0,synthetic
2026-01-01T11:43:00+00:00,Authentication,7.15,0,synthetic
2026-01-01T11:44:00+00:00,Intune_Enrollment,33.75,0,synthetic
2026-01-01T11:45:00+00:00,Intune_Enrollment,7.83,0,synthetic
2026-01-01T11:46:00+00:00,Intune_Enrollment,31.85,0,synthetic
2026-01-01T11:47:00+00:00,Authentication,33.44,0,synthetic
2026-01-01T11:48:00+00:00,VirtualMachines,37.33,0,synthetic
2026-01-01T11:49:00+00:00,FinOps_Cost,24.32,0,synthetic
2026-01-01T11:50:00+00:00,FinOps_Cost,15.83,0,synthetic
2026-01-01T11:51:00+00:00,Intune_Enrollment,13.43,0,synthetic
2026-01-01T11:52:00+00:00,Authentication,28.56,0,synthetic
2026-01-01T11:53:00+00:00,FinOps_Cost,8.05,0,synthetic
2026-01-01T11:54:00+00:00,Authentication,22.57,0,synthetic
2026-01-01T11:55:00+00:00,Intune_Enrollment,6.96,0,synthetic
2026-01-01T11:56:00+00:00,Intune_Enrollment,49.15,0,synthetic
2026-01-01T11:57:00+00:00,FinOps_Cost,38.63,0,synthetic
2026-01-01T11:58:00+00:00,FinOps_Cost,40.48,0,synthetic
2026-01-01T11:59:00+00:00,FinOps_Cost,15.85,0,synthetic
2026-01-01T12:00:00+00:00,Authentication,39.72,0,synthetic
2026-01-01T12:01:00+00:00,FinOps_Cost,11.0,0,synthetic
2026-01-01T12:02:00+00:00,FinOps_Cost,29.57,0,synthetic
2026-01-01T12:03:00+00:00,VirtualMachines,42.37,0,synthetic
2026-01-01T12:04:00+00:00,Intune_Enrollment,49.14,0,synthetic
2026-01-01T12:05:00+00:00,Intune_Enrollment,33.43,0,synthetic
2026-01-01T12:06:00+00:00,VirtualMachines,7.84,0,synthetic
2026-01-01T12:07:00+00:00,Intune_Enrollment,6.66,0,synthetic
2026-01-01T12:08:00+00:00,VirtualMachines,6.97,0,synthetic
2026-01-01T12:09:00+00:00,VirtualMachines,44.86,0,synthetic
2026-01-01T12:10:00+00:00,FinOps_Cost,47.0,0,synthetic
2026-01-01T12:11:00+00:00,Intune_Enrollment,49.51,0,synthetic
2026-01-01T12:12:00+00:00,Intune_Enrollment,16.4,0,synthetic
2026-01-01T12:13:00+00:00,VirtualMachines,17.87,0,synthetic
2026-01-01T12:14:00+00:00,Authentication,43.96,0,synthetic
2026-01-01T12:15:00+00:00,FinOps_Cost,17.29,0,synthetic
2026-01-01T12:16:00+00:00,FinOps_Cost,24.66,0,synthetic
2026-01-01T12:17:00+00:00,Intune_Enrollment,38.45,0,synthetic
2026-01-01T12:18:00+00:00,Intune_Enrollment,20.26,0,synthetic
2026-01-01T12:19:00+00:00,VirtualMachines,27.33,0,synthetic
2026-01-01T12:20:00+00:00,Intune_Enrollment,21.53,0,synthetic
2026-01-01T12:21:00+00:00,FinOps_Cost,41.05,0,synthetic
2026-01-01T12:22:00+00:00,Intune_Enrollment,8.55,0,synthetic
2026-01-01T12:23:00+00:00,VirtualMachines,29.55,0,synthetic
2026-01-01T12:24:00+00:00,FinOps_Cost,9.62,0,synthetic
2026-01-01T12:25:00+00:00,FinOps_Cost,34.74,0,synthetic
2026-01-01T12:26:00+00:00,FinOps_Cost,25.07,0,synthetic
2026-01-01T12:27:00+00:00,Intune_Enrollment,12.5,0,synthetic
2026-01-01T12:28:00+00:00,Intune_Enrollment,20.82,0,synthetic
2026-01-01T12:29:00+00:00,Authentication,37.71,0,synthetic
2026-01-01T12:30:00+00:00,FinOps_Cost,1114.85,1,synthetic
2026-01-01T12:31:00+00:00,Intune_Enrollment,17.35,0,synthetic
2026-01-01T12:32:00+00:00,Authentication,8.38,0,synthetic
2026-01-01T12:33:00+00:00,Intune_Enrollment,21.35,0,synthetic
2026-01-01T12:34:00+00:00,VirtualMachines,47.88,0,synthetic
2026-01-01T12:35:00+00:00,VirtualMachines,43.19,0,synthetic
2026-01-01T12:36:00+00:00,Intune_Enrollment,6.57,0,synthetic
2026-01-01T12:37:00+00:00,Authentication,15.62,0,synthetic
2026-01-01T12:38:00+00:00,FinOps_Cost,21.3,0,synthetic
2026-01-01T12:39:00+00:00,Authentication,32.23,0,synthetic
2026-01-01T12:40:00+00:00,Intune_Enrollment,47.7,0,synthetic
2026-01-01T12:41:00+00:00,FinOps_Cost,24.98,0,synthetic
2026-01-01T12:42:00+00:00,Authentication,30.83,0,synthetic
2026-01-01T12:43:00+00:00,FinOps_Cost,22.91,0,synthetic
2026-01-01T12:44:00+00:00,FinOps_Cost,16.23,0,synthetic
2026-01-01T12:45:00+00:00,Authentication,6.17,0,synthetic
2026-01-01T12:46:00+00:00,VirtualMachines,27.46,0,synthetic
2026-01-01T12:47:00+00:00,Intune_Enrollment,46.11,0,synthetic
2026-01-01T12:48:00+00:00,Authentication,16.78,0,synthetic
2026-01-01T12:49:00+00:00,FinOps_Cost,36.68,0,synthetic
2026-01-01T12:50:00+00:00,VirtualMachines,49.84,0,synthetic
2026-01-01T12:51:00+00:00,FinOps_Cost,36.23,0,synthetic
2026-01-01T12:52:00+00:00,Intune_Enrollment,14.01,0,synthetic
2026-01-01T12:53:00+00:00,VirtualMachines,43.38,0,synthetic
2026-01-01T12:54:00+00:00,Intune_Enrollment,12.77,0,synthetic
2026-01-01T12:55:00+00:00,Intune_Enrollment,49.88,0,synthetic
2026-01-01T12:56:00+00:00,FinOps_Cost,35.05,0,synthetic
2026-01-01T12:57:00+00:00,Authentication,29.75,0,synthetic
2026-01-01T12:58:00+00:00,FinOps_Cost,45.11,0,synthetic
2026-01-01T12:59:00+00:00,VirtualMachines,37.03,0,synthetic
2026-01-01T13:00:00+00:00,VirtualMachines,40.72,0,synthetic
2026-01-01T13:01:00+00:00,VirtualMachines,10.46,0,synthetic
2026-01-01T13:02:00+00:00,VirtualMachines,40.64,0,synthetic
2026-01-01T13:03:00+00:00,VirtualMachines,40.57,0,synthetic
2026-01-01T13:04:00+00:00,Authentication,21.24,0,synthetic
2026-01-01T13:05:00+00:00,FinOps_Cost,26.03,0,synthetic
2026-01-01T13:06:00+00:00,VirtualMachines,32.54,0,synthetic
2026-01-01T13:07:00+00:00,Authentication,7.96,0,synthetic
2026-01-01T13:08:00+00:00,Intune_Enrollment,49.98,0,synthetic
2026-01-01T13:09:00+00:00,Intune_Enrollment,28.66,0,synthetic
2026-01-01T13:10:00+00:00,Intune_Enrollment,42.05,0,synthetic
2026-01-01T13:11:00+00:00,Authentication,10.64,0,synthetic
2026-01-01T13:12:00+00:00,FinOps_Cost,33.91,0,synthetic
2026-01-01T13:13:00+00:00,Intune_Enrollment,25.96,0,synthetic
2026-01-01T13:14:00+00:00,FinOps_Cost,10.78,0,synthetic
2026-01-01T13:15:00+00:00,VirtualMachines,39.55,0,synthetic
2026-01-01T13:16:00+00:00,VirtualMachines,24.47,0,synthetic
2026-01-01T13:17:00+00:00,Authentication,42.41,0,synthetic
2026-01-01T13:18:00+00:00,VirtualMachines,18.69,0,synthetic
2026-01-01T13:19:00+00:00,VirtualMachines,19.52,0,synthetic
2026-01-01T13:20:00+00:00,VirtualMachines,846.02,1,synthetic
2026-01-01T13:21:00+00:00,FinOps_Cost,43.07,0,synthetic
2026-01-01T13:22:00+00:00,FinOps_Cost,13.83,0,synthetic
2026-01-01T13:23:00+00:00,FinOps_Cost,10.63,0,synthetic
2026-01-01T13:24:00+00:00,FinOps_Cost,32.65,0,synthetic
2026-01-01T13:25:00+00:00,Authentication,27.62,0,synthetic
2026-01-01T13:26:00+00:00,VirtualMachines,31.63,0,synthetic
2026-01-01T13:27:00+00:00,VirtualMachines,12.7,0,synthetic
2026-01-01T13:28:00+00:00,FinOps_Cost,42.91,0,synthetic
2026-01-01T13:29:00+00:00,Authentication,42.14,0,synthetic
2026-01-01T13:30:00+00:00,Authentication,8.66,0,synthetic
2026-01-01T13:31:00+00:00,FinOps_Cost,34.3,0,synthetic
2026-01-01T13:32:00+00:00,Intune_Enrollment,32.81,0,synthetic
2026-01-01T13:33:00+00:00,Authentication,27.41,0,synthetic
2026-01-01T13:34:00+00:00,FinOps_Cost,33.89,0,synthetic
2026-01-01T13:35:00+00:00,FinOps_Cost,26.73,0,synthetic
2026-01-01T13:36:00+00:00,Intune_Enrollment,18.38,0,synthetic
2026-01-01T13:37:00+00:00,Authentication,35.99,0,synthetic
2026-01-01T13:38:00+00:00,VirtualMachines,24.78,0,synthetic
2026-01-01T13:39:00+00:00,Intune_Enrollment,25.9,0,synthetic
2026-01-01T13:40:00+00:00,FinOps_Cost,32.3,0,synthetic
2026-01-01T13:41:00+00:00,FinOps_Cost,43.77,0,synthetic
2026-01-01T13:42:00+00:00,FinOps_Cost,38.04,0,synthetic
2026-01-01T13:43:00+00:00,FinOps_Cost,48.89,0,synthetic
2026-01-01T13:44:00+00:00,VirtualMachines,39.23,0,synthetic
2026-01-01T13:45:00+00:00,Authentication,19.36,0,synthetic
2026-01-01T13:46:00+00:00,Intune_Enrollment,10.51,0,synthetic
2026-01-01T13:47:00+00:00,Intune_Enrollment,16.16,0,synthetic
2026-01-01T13:48:00+00:00,Authentication,7.28,0,synthetic
2026-01-01T13:49:00+00:00,Intune_Enrollment,43.89,0,synthetic
2026-01-01T13:50:00+00:00,Intune_Enrollment,16.17,0,synthetic
2026-01-01T13:51:00+00:00,VirtualMachines,41.61,0,synthetic
2026-01-01T13:52:00+00:00,FinOps_Cost,13.54,0,synthetic
2026-01-01T13:53:00+00:00,VirtualMachines,27.42,0,synthetic
2026-01-01T13:54:00+00:00,Intune_Enrollment,27.44,0,synthetic
2026-01-01T13:55:00+00:00,FinOps_Cost,27.38,0,synthetic
2026-01-01T13:56:00+00:00,Authentication,47.54,0,synthetic
2026-01-01T13:57:00+00:00,Intune_Enrollment,48.5,0,synthetic
2026-01-01T13:58:00+00:00,VirtualMachines,31.25,0,synthetic
2026-01-01T13:59:00+00:00,Authentication,7.27,0,synthetic
2026-01-01T14:00:00+00:00,Intune_Enrollment,31.89,0,synthetic
2026-01-01T14:01:00+00:00,Intune_Enrollment,17.86,0,synthetic
2026-01-01T14:02:00+00:00,Authentication,43.12,0,synthetic
2026-01-01T14:03:00+00:00,Intune_Enrollment,11.03,0,synthetic
2026-01-01T14:04:00+00:00,FinOps_Cost,37.74,0,synthetic
2026-01-01T14:05:00+00:00,Intune_Enrollment,21.47,0,synthetic
2026-01-01T14:06:00+00:00,Intune_Enrollment,7.3,0,synthetic
2026-01-01T14:07:00+00:00,VirtualMachines,21.31,0,synthetic
2026-01-01T14:08:00+00:00,FinOps_Cost,8.31,0,synthetic
2026-01-01T14:09:00+00:00,Intune_Enrollment,39.4,0,synthetic
2026-01-01T14:10:00+00:00,FinOps_Cost,1325.31,1,synthetic
2026-01-01T14:11:00+00:00,Authentication,10.79,0,synthetic
2026-01-01T14:12:00+00:00,Authentication,22.73,0,synthetic
2026-01-01T14:13:00+00:00,FinOps_Cost,30.1,0,synthetic
2026-01-01T14:14:00+00:00,FinOps_Cost,38.97,0,synthetic
2026-01-01T14:15:00+00:00,VirtualMachines,32.11,0,synthetic
2026-01-01T14:16:00+00:00,Intune_Enrollment,27.5,0,synthetic
2026-01-01T14:17:00+00:00,Authentication,6.75,0,synthetic
2026-01-01T14:18:00+00:00,FinOps_Cost,41.18,0,synthetic
2026-01-01T14:19:00+00:00,Intune_Enrollment,11.7,0,synthetic
2026-01-01T14:20:00+00:00,VirtualMachines,19.76,0,synthetic
2026-01-01T14:21:00+00:00,FinOps_Cost,12.31,0,synthetic
2026-01-01T14:22:00+00:00,FinOps_Cost,31.72,0,synthetic
2026-01-01T14:23:00+00:00,Intune_Enrollment,36.89,0,synthetic
2026-01-01T14:24:00+00:00,FinOps_Cost,26.37,0,synthetic
2026-01-01T14:25:00+00:00,Authentication,21.58,0,synthetic
2026-01-01T14:26:00+00:00,Authentication,49.1,0,synthetic
2026-01-01T14:27:00+00:00,FinOps_Cost,40.85,0,synthetic
2026-01-01T14:28:00+00:00,Authentication,31.86,0,synthetic
2026-01-01T14:29:00+00:00,FinOps_Cost,48.52,0,synthetic
2026-01-01T14:30:00+00:00,VirtualMachines,37.46,0,synthetic
2026-01-01T14:31:00+00:00,Intune_Enrollment,12.67,0,synthetic
2026-01-01T14:32:00+00:00,Intune_Enrollment,11.65,0,synthetic
2026-01-01T14:33:00+00:00,VirtualMachines,6.42,0,synthetic
2026-01-01T14:34:00+00:00,Authentication,13.59,0,synthetic
2026-01-01T14:35:00+00:00,Intune_Enrollment,19.12,0,synthetic
2026-01-01T14:36:00+00:00,VirtualMachines,23.58,0,synthetic
2026-01-01T14:37:00+00:00,VirtualMachines,23.47,0,synthetic
2026-01-01T14:38:00+00:00,Intune_Enrollment,44.28,0,synthetic
2026-01-01T14:39:00+00:00,Authentication,36.76,0,synthetic
2026-01-01T14:40:00+00:00,VirtualMachines,30.24,0,synthetic
2026-01-01T14:41:00+00:00,Intune_Enrollment,28.65,0,synthetic
2026-01-01T14:42:00+00:00,FinOps_Cost,48.05,0,synthetic
2026-01-01T14:43:00+00:00,Intune_Enrollment,46.05,0,synthetic
2026-01-01T14:44:00+00:00,FinOps_Cost,29.58,0,synthetic
2026-01-01T14:45:00+00:00,FinOps_Cost,32.45,0,synthetic
2026-01-01T14:46:00+00:00,VirtualMachines,48.08,0,synthetic
2026-01-01T14:47:00+00:00,FinOps_Cost,30.11,0,synthetic
2026-01-01T14:48:00+00:00,VirtualMachines,47.37,0,synthetic
2026-01-01T14:49:00+00:00,FinOps_Cost,39.7,0,synthetic
2026-01-01T14:50:00+00:00,VirtualMachines,36.06,0,synthetic
2026-01-01T14:51:00+00:00,Intune_Enrollment,19.27,0,synthetic
2026-01-01T14:52:00+00:00,FinOps_Cost,30.22,0,synthetic
2026-01-01T14:53:00+00:00,FinOps_Cost,17.95,0,synthetic
2026-01-01T14:54:00+00:00,Intune_Enrollment,45.31,0,synthetic
2026-01-01T14:55:00+00:00,Intune_Enrollment,41.83,0,synthetic
2026-01-01T14:56:00+00:00,VirtualMachines,18.07,0,synthetic
2026-01-01T14:57:00+00:00,FinOps_Cost,47.99,0,synthetic
2026-01-01T14:58:00+00:00,Authentication,20.59,0,synthetic
2026-01-01T14:59:00+00:00,Intune_Enrollment,34.52,0,synthetic
2026-01-01T15:00:00+00:00,Intune_Enrollment,713.99,1,synthetic
2026-01-01T15:01:00+00:00,FinOps_Cost,46.99,0,synthetic
2026-01-01T15:02:00+00:00,FinOps_Cost,11.18,0,synthetic
2026-01-01T15:03:00+00:00,VirtualMachines,15.91,0,synthetic
2026-01-01T15:04:00+00:00,VirtualMachines,33.71,0,synthetic
2026-01-01T15:05:00+00:00,Authentication,9.51,0,synthetic
2026-01-01T15:06:00+00:00,FinOps_Cost,37.28,0,synthetic
2026-01-01T15:07:00+00:00,Authentication,35.65,0,synthetic
2026-01-01T15:08:00+00:00,VirtualMachines,5.23,0,synthetic
2026-01-01T15:09:00+00:00,VirtualMachines,23.31,0,synthetic
2026-01-01T15:10:00+00:00,Intune_Enrollment,26.49,0,synthetic
2026-01-01T15:11:00+00:00,VirtualMachines,39.02,0,synthetic
2026-01-01T15:12:00+00:00,FinOps_Cost,19.45,0,synthetic
2026-01-01T15:13:00+00:00,Authentication,45.86,0,synthetic
2026-01-01T15:14:00+00:00,Authentication,34.35,0,synthetic
2026-01-01T15:15:00+00:00,VirtualMachines,29.08,0,synthetic
2026-01-01T15:16:00+00:00,Authentication,46.1,0,synthetic
2026-01-01T15:17:00+00:00,VirtualMachines,23.8,0,synthetic
2026-01-01T15:18:00+00:00,VirtualMachines,47.03,0,synthetic
2026-01-01T15:19:00+00:00,Authentication,49.87,0,synthetic
2026-01-01T15:20:00+00:00,Intune_Enrollment,40.46,0,synthetic
2026-01-01T15:21:00+00:00,VirtualMachines,47.15,0,synthetic
2026-01-01T15:22:00+00:00,FinOps_Cost,44.45,0,synthetic
2026-01-01T15:23:00+00:00,Authentication,18.43,0,synthetic
2026-01-01T15:24:00+00:00,Authentication,46.78,0,synthetic
2026-01-01T15:25:00+00:00,FinOps_Cost,17.81,0,synthetic
2026-01-01T15:26:00+00:00,Intune_Enrollment,45.02,0,synthetic
2026-01-01T15:27:00+00:00,VirtualMachines,43.3,0,synthetic
2026-01-01T15:28:00+00:00,Intune_Enrollment,17.28,0,synthetic
2026-01-01T15:29:00+00:00,Authentication,19.88,0,synthetic
2026-01-01T15:30:00+00:00,Intune_Enrollment,34.17,0,synthetic
2026-01-01T15:31:00+00:00,VirtualMachines,5.63,0,synthetic
2026-01-01T15:32:00+00:00,FinOps_Cost,40.58,0,synthetic
2026-01-01T15:33:00+00:00,VirtualMachines,12.9,0,synthetic
2026-01-01T15:34:00+00:00,Intune_Enrollment,42.21,0,synthetic
2026-01-01T15:35:00+00:00,FinOps_Cost,8.9,0,synthetic
2026-01-01T15:36:00+00:00,Authentication,13.32,0,synthetic
2026-01-01T15:37:00+00:00,VirtualMachines,26.49,0,synthetic
2026-01-01T15:38:00+00:00,VirtualMachines,5.31,0,synthetic
2026-01-01T15:39:00+00:00,Intune_Enrollment,15.6,0,synthetic
2026-01-01T15:40:00+00:00,FinOps_Cost,47.93,0,synthetic
2026-01-01T15:41:00+00:00,FinOps_Cost,31.21,0,synthetic
2026-01-01T15:42:00+00:00,Authentication,16.77,0,synthetic
2026-01-01T15:43:00+00:00,FinOps_Cost,36.17,0,synthetic
2026-01-01T15:44:00+00:00,Authentication,35.05,0,synthetic
2026-01-01T15:45:00+00:00,Intune_Enrollment,18.81,0,synthetic
2026-01-01T15:46:00+00:00,Intune_Enrollment,35.87,0,synthetic
2026-01-01T15:47:00+00:00,FinOps_Cost,36.06,0,synthetic
2026-01-01T15:48:00+00:00,FinOps_Cost,21.54,0,synthetic
2026-01-01T15:49:00+00:00,VirtualMachines,14.86,0,synthetic
2026-01-01T15:50:00+00:00,VirtualMachines,978.18,1,synthetic
2026-01-01T15:51:00+00:00,Intune_Enrollment,38.65,0,synthetic
2026-01-01T15:52:00+00:00,FinOps_Cost,23.71,0,synthetic
2026-01-01T15:53:00+00:00,Intune_Enrollment,39.08,0,synthetic
2026-01-01T15:54:00+00:00,VirtualMachines,39.28,0,synthetic
2026-01-01T15:55:00+00:00,Authentication,28.65,0,synthetic
2026-01-01T15:56:00+00:00,FinOps_Cost,8.51,0,synthetic
2026-01-01T15:57:00+00:00,Authentication,7.78,0,synthetic
2026-01-01T15:58:00+00:00,VirtualMachines,30.77,0,synthetic
2026-01-01T15:59:00+00:00,VirtualMachines,12.4,0,synthetic
2026-01-01T16:00:00+00:00,Intune_Enrollment,10.23,0,synthetic
2026-01-01T16:01:00+00:00,VirtualMachines,37.26,0,synthetic
2026-01-01T16:02:00+00:00,Intune_Enrollment,9.09,0,synthetic
2026-01-01T16:03:00+00:00,Intune_Enrollment,41.39,0,synthetic
2026-01-01T16:04:00+00:00,Intune_Enrollment,10.94,0,synthetic
2026-01-01T16:05:00+00:00,Intune_Enrollment,25.56,0,synthetic
2026-01-01T16:06:00+00:00,Authentication,30.15,0,synthetic
2026-01-01T16:07:00+00:00,FinOps_Cost,37.55,0,synthetic
2026-01-01T16:08:00+00:00,Intune_Enrollment,16.45,0,synthetic
2026-01-01T16:09:00+00:00,Authentication,38.56,0,synthetic
2026-01-01T16:10:00+00:00,Authentication,7.04,0,synthetic
2026-01-01T16:11:00+00:00,FinOps_Cost,36.52,0,synthetic
2026-01-01T16:12:00+00:00,Authentication,47.06,0,synthetic
2026-01-01T16:13:00+00:00,Authentication,49.38,0,synthetic
2026-01-01T16:14:00+00:00,Intune_Enrollment,6.43,0,synthetic
2026-01-01T16:15:00+00:00,Intune_Enrollment,13.1,0,synthetic
2026-01-01T16:16:00+00:00,VirtualMachines,39.46,0,synthetic
2026-01-01T16:17:00+00:00,Intune_Enrollment,21.85,0,synthetic
2026-01-01T16:18:00+00:00,Intune_Enrollment,25.18,0,synthetic
2026-01-01T16:19:00+00:00,Intune_Enrollment,21.9,0,synthetic
2026-01-01T16:20:00+00:00,VirtualMachines,34.41,0,synthetic
2026-01-01T16:21:00+00:00,FinOps_Cost,10.34,0,synthetic
2026-01-01T16:22:00+00:00,Intune_Enrollment,28.8,0,synthetic
2026-01-01T16:23:00+00:00,VirtualMachines,42.57,0,synthetic
2026-01-01T16:24:00+00:00,Authentication,49.03,0,synthetic
2026-01-01T16:25:00+00:00,Intune_Enrollment,35.31,0,synthetic
2026-01-01T16:26:00+00:00,Intune_Enrollment,28.94,0,synthetic
2026-01-01T16:27:00+00:00,VirtualMachines,16.14,0,synthetic
2026-01-01T16:28:00+00:00,FinOps_Cost,11.98,0,synthetic
2026-01-01T16:29:00+00:00,VirtualMachines,47.18,0,synthetic
2026-01-01T16:30:00+00:00,Authentication,6.45,0,synthetic
2026-01-01T16:31:00+00:00,Intune_Enrollment,32.67,0,synthetic
2026-01-01T16:32:00+00:00,Authentication,15.83,0,synthetic
2026-01-01T16:33:00+00:00,Authentication,9.54,0,synthetic
2026-01-01T16:34:00+00:00,Authentication,25.09,0,synthetic
2026-01-01T16:35:00+00:00,Authentication,16.01,0,synthetic
2026-01-01T16:36:00+00:00,Authentication,23.1,0,synthetic
2026-01-01T16:37:00+00:00,VirtualMachines,29.29,0,synthetic
2026-01-01T16:38:00+00:00,Authentication,11.31,0,synthetic
2026-01-01T16:39:00+00:00,FinOps_Cost,15.54,0,synthetic
