Timestamp,Category,MetricValue,KnownAnomaly,Source,ModelAnomaly,ThresholdAnomaly
2026-01-01T08:14:00+00:00,Intune_Enrollment,31.43,0,synthetic,0,0
2026-01-01T10:25:00+00:00,Authentication,20.84,0,synthetic,0,0
2026-01-01T00:21:00+00:00,Authentication,7.06,0,synthetic,0,0
2026-01-01T08:48:00+00:00,VirtualMachines,47.54,0,synthetic,0,0
2026-01-01T11:01:00+00:00,FinOps_Cost,43.0,0,synthetic,0,0
2026-01-01T13:18:00+00:00,VirtualMachines,18.69,0,synthetic,0,0
2026-01-01T12:28:00+00:00,Intune_Enrollment,20.82,0,synthetic,0,0
2026-01-01T13:26:00+00:00,VirtualMachines,31.63,0,synthetic,0,0
2026-01-01T15:15:00+00:00,VirtualMachines,29.08,0,synthetic,0,0
2026-01-01T05:20:00+00:00,Authentication,29.9,0,synthetic,0,0
2026-01-01T11:42:00+00:00,FinOps_Cost,15.69,0,synthetic,0,0
2026-01-01T16:08:00+00:00,Intune_Enrollment,16.45,0,synthetic,0,0
2026-01-01T00:28:00+00:00,FinOps_Cost,36.58,0,synthetic,0,0
2026-01-01T16:21:00+00:00,FinOps_Cost,10.34,0,synthetic,0,0
2026-01-01T03:13:00+00:00,VirtualMachines,23.92,0,synthetic,0,0
2026-01-01T15:10:00+00:00,Intune_Enrollment,26.49,0,synthetic,0,0
2026-01-01T12:19:00+00:00,VirtualMachines,27.33,0,synthetic,0,0
2026-01-01T02:04:00+00:00,FinOps_Cost,15.74,0,synthetic,0,0
2026-01-01T14:47:00+00:00,FinOps_Cost,30.11,0,synthetic,0,0
2026-01-01T00:15:00+00:00,FinOps_Cost,32.17,0,synthetic,0,0
2026-01-01T00:09:00+00:00,Authentication,39.15,0,synthetic,0,0
2026-01-01T12:22:00+00:00,Intune_Enrollment,8.55,0,synthetic,0,0
2026-01-01T01:22:00+00:00,Authentication,8.19,0,synthetic,0,0
2026-01-01T01:46:00+00:00,VirtualMachines,22.05,0,synthetic,0,0
2026-01-01T06:49:00+00:00,VirtualMachines,43.52,0,synthetic,0,0
2026-01-01T11:54:00+00:00,Authentication,22.57,0,synthetic,0,0
2026-01-01T11:29:00+00:00,FinOps_Cost,15.61,0,synthetic,0,0
2026-01-01T07:48:00+00:00,FinOps_Cost,28.89,0,synthetic,0,0
2026-01-01T03:49:00+00:00,FinOps_Cost,15.55,0,synthetic,0,0
2026-01-01T03:10:00+00:00,FinOps_Cost,27.82,0,synthetic,0,0
2026-01-01T00:48:00+00:00,VirtualMachines,40.64,0,synthetic,0,0
2026-01-01T13:34:00+00:00,FinOps_Cost,33.89,0,synthetic,0,0
2026-01-01T09:43:00+00:00,VirtualMachines,38.97,0,synthetic,0,0
2026-01-01T00:05:00+00:00,VirtualMachines,15.47,0,synthetic,0,0
2026-01-01T05:10:00+00:00,Intune_Enrollment,17.19,0,synthetic,0,0
2026-01-01T06:32:00+00:00,VirtualMachines,27.43,0,synthetic,0,0
2026-01-01T07:27:00+00:00,Intune_Enrollment,36.06,0,synthetic,0,0
2026-01-01T12:31:00+00:00,Intune_Enrollment,17.35,0,synthetic,0,0
2026-01-01T14:14:00+00:00,FinOps_Cost,38.97,0,synthetic,0,0
2026-01-01T08:04:00+00:00,FinOps_Cost,46.19,0,synthetic,0,0
2026-01-01T09:28:00+00:00,FinOps_Cost,46.47,0,synthetic,0,0
2026-01-01T03:27:00+00:00,VirtualMachines,6.1,0,synthetic,0,0
2026-01-01T13:07:00+00:00,Authentication,7.96,0,synthetic,0,0
2026-01-01T03:42:00+00:00,Intune_Enrollment,42.38,0,synthetic,0,0
2026-01-01T12:43:00+00:00,FinOps_Cost,22.91,0,synthetic,0,0
2026-01-01T07:50:00+00:00,FinOps_Cost,46.13,0,synthetic,0,0
2026-01-01T03:54:00+00:00,Authentication,23.67,0,synthetic,0,0
2026-01-01T06:35:00+00:00,Intune_Enrollment,49.11,0,synthetic,0,0
2026-01-01T10:21:00+00:00,FinOps_Cost,43.89,0,synthetic,0,0
2026-01-01T12:40:00+00:00,Intune_Enrollment,47.7,0,synthetic,0,0
2026-01-01T09:41:00+00:00,Intune_Enrollment,26.85,0,synthetic,0,0
2026-01-01T15:16:00+00:00,Authentication,46.1,0,synthetic,0,0
2026-01-01T14:00:00+00:00,Intune_Enrollment,31.89,0,synthetic,0,0
2026-01-01T15:37:00+00:00,VirtualMachines,26.49,0,synthetic,0,0
2026-01-01T09:51:00+00:00,VirtualMachines,39.39,0,synthetic,0,0
2026-01-01T11:41:00+00:00,Intune_Enrollment,10.0,0,synthetic,0,0
2026-01-01T14:03:00+00:00,Intune_Enrollment,11.03,0,synthetic,0,0
2026-01-01T12:05:00+00:00,Intune_Enrollment,33.43,0,synthetic,0,0
2026-01-01T11:46:00+00:00,Intune_Enrollment,31.85,0,synthetic,0,0
2026-01-01T13:55:00+00:00,FinOps_Cost,27.38,0,synthetic,0,0
2026-01-01T15:31:00+00:00,VirtualMachines,5.63,0,synthetic,1,0
2026-01-01T01:58:00+00:00,VirtualMachines,23.17,0,synthetic,0,0
2026-01-01T13:04:00+00:00,Authentication,21.24,0,synthetic,0,0
2026-01-01T01:04:00+00:00,Authentication,31.95,0,synthetic,0,0
2026-01-01T07:59:00+00:00,Intune_Enrollment,5.63,0,synthetic,1,0
2026-01-01T02:13:00+00:00,Intune_Enrollment,42.52,0,synthetic,0,0
2026-01-01T16:12:00+00:00,Authentication,47.06,0,synthetic,0,0
2026-01-01T10:53:00+00:00,FinOps_Cost,41.59,0,synthetic,0,0
2026-01-01T06:51:00+00:00,Intune_Enrollment,36.74,0,synthetic,0,0
2026-01-01T05:56:00+00:00,Intune_Enrollment,35.99,0,synthetic,0,0
2026-01-01T01:54:00+00:00,Intune_Enrollment,27.63,0,synthetic,0,0
2026-01-01T05:29:00+00:00,Authentication,30.97,0,synthetic,0,0
2026-01-01T03:58:00+00:00,Authentication,43.55,0,synthetic,0,0
2026-01-01T02:29:00+00:00,FinOps_Cost,12.27,0,synthetic,0,0
2026-01-01T00:49:00+00:00,Intune_Enrollment,31.84,0,synthetic,0,0
2026-01-01T08:41:00+00:00,VirtualMachines,31.5,0,synthetic,0,0
2026-01-01T07:08:00+00:00,Authentication,24.53,0,synthetic,0,0
2026-01-01T09:46:00+00:00,Intune_Enrollment,28.71,0,synthetic,0,0
2026-01-01T08:29:00+00:00,FinOps_Cost,15.96,0,synthetic,0,0
2026-01-01T07:51:00+00:00,Intune_Enrollment,48.53,0,synthetic,0,0
2026-01-01T14:57:00+00:00,FinOps_Cost,47.99,0,synthetic,0,0
2026-01-01T14:38:00+00:00,Intune_Enrollment,44.28,0,synthetic,0,0
2026-01-01T00:27:00+00:00,FinOps_Cost,14.43,0,synthetic,0,0
2026-01-01T07:10:00+00:00,Authentication,24.97,0,synthetic,0,0
2026-01-01T06:34:00+00:00,FinOps_Cost,23.7,0,synthetic,0,0
2026-01-01T10:13:00+00:00,VirtualMachines,45.77,0,synthetic,0,0
2026-01-01T15:45:00+00:00,Intune_Enrollment,18.81,0,synthetic,0,0
2026-01-01T09:25:00+00:00,Authentication,32.4,0,synthetic,0,0
2026-01-01T03:44:00+00:00,Intune_Enrollment,25.25,0,synthetic,0,0
2026-01-01T10:54:00+00:00,Authentication,34.07,0,synthetic,0,0
2026-01-01T07:31:00+00:00,Intune_Enrollment,30.74,0,synthetic,0,0
2026-01-01T10:40:00+00:00,VirtualMachines,21.38,0,synthetic,0,0
2026-01-01T01:42:00+00:00,Authentication,48.6,0,synthetic,0,0
2026-01-01T02:11:00+00:00,Authentication,44.57,0,synthetic,0,0
2026-01-01T03:25:00+00:00,VirtualMachines,35.28,0,synthetic,0,0
2026-01-01T07:26:00+00:00,FinOps_Cost,33.75,0,synthetic,0,0
2026-01-01T13:15:00+00:00,VirtualMachines,39.55,0,synthetic,0,0
2026-01-01T01:45:00+00:00,Intune_Enrollment,45.61,0,synthetic,0,0
2026-01-01T04:18:00+00:00,Authentication,50.0,0,synthetic,1,0
2026-01-01T02:05:00+00:00,Intune_Enrollment,10.89,0,synthetic,0,0
2026-01-01T06:12:00+00:00,FinOps_Cost,23.52,0,synthetic,0,0
2026-01-01T00:02:00+00:00,VirtualMachines,38.14,0,synthetic,0,0
2026-01-01T15:54:00+00:00,VirtualMachines,39.28,0,synthetic,0,0
2026-01-01T06:55:00+00:00,FinOps_Cost,44.14,0,synthetic,0,0
2026-01-01T04:49:00+00:00,FinOps_Cost,19.5,0,synthetic,0,0
2026-01-01T05:44:00+00:00,Intune_Enrollment,25.27,0,synthetic,0,0
2026-01-01T03:51:00+00:00,Authentication,11.23,0,synthetic,0,0
2026-01-01T02:30:00+00:00,Intune_Enrollment,1051.68,1,synthetic,1,1
2026-01-01T07:03:00+00:00,Intune_Enrollment,47.94,0,synthetic,0,0
2026-01-01T13:56:00+00:00,Authentication,47.54,0,synthetic,0,0
2026-01-01T10:51:00+00:00,Authentication,18.93,0,synthetic,0,0
2026-01-01T08:19:00+00:00,FinOps_Cost,14.78,0,synthetic,0,0
2026-01-01T01:27:00+00:00,VirtualMachines,29.27,0,synthetic,0,0
2026-01-01T04:54:00+00:00,Intune_Enrollment,20.14,0,synthetic,0,0
2026-01-01T00:54:00+00:00,FinOps_Cost,39.59,0,synthetic,0,0
2026-01-01T04:59:00+00:00,FinOps_Cost,30.01,0,synthetic,0,0
2026-01-01T14:08:00+00:00,FinOps_Cost,8.31,0,synthetic,0,0
2026-01-01T05:55:00+00:00,FinOps_Cost,24.76,0,synthetic,0,0
2026-01-01T12:02:00+00:00,FinOps_Cost,29.57,0,synthetic,0,0
2026-01-01T04:24:00+00:00,VirtualMachines,10.68,0,synthetic,0,0
2026-01-01T16:22:00+00:00,Intune_Enrollment,28.8,0,synthetic,0,0
2026-01-01T12:51:00+00:00,FinOps_Cost,36.23,0,synthetic,0,0
2026-01-01T16:24:00+00:00,Authentication,49.03,0,synthetic,0,0
2026-01-01T08:51:00+00:00,Authentication,7.74,0,synthetic,0,0
2026-01-01T11:40:00+00:00,VirtualMachines,1048.8,1,synthetic,1,1
2026-01-01T00:14:00+00:00,Intune_Enrollment,9.35,0,synthetic,0,0
2026-01-01T11:17:00+00:00,VirtualMachines,41.06,0,synthetic,0,0
2026-01-01T00:37:00+00:00,VirtualMachines,46.09,0,synthetic,0,0
2026-01-01T12:01:00+00:00,FinOps_Cost,11.0,0,synthetic,0,0
2026-01-01T16:27:00+00:00,VirtualMachines,16.14,0,synthetic,0,0
2026-01-01T13:31:00+00:00,FinOps_Cost,34.3,0,synthetic,0,0
2026-01-01T14:07:00+00:00,VirtualMachines,21.31,0,synthetic,0,0
2026-01-01T08:23:00+00:00,FinOps_Cost,7.72,0,synthetic,0,0
2026-01-01T12:00:00+00:00,Authentication,39.72,0,synthetic,0,0
2026-01-01T07:04:00+00:00,Intune_Enrollment,44.26,0,synthetic,0,0
2026-01-01T07:30:00+00:00,Intune_Enrollment,606.65,1,synthetic,1,1
2026-01-01T08:18:00+00:00,FinOps_Cost,6.47,0,synthetic,0,0
2026-01-01T13:50:00+00:00,Intune_Enrollment,16.17,0,synthetic,0,0
2026-01-01T10:23:00+00:00,Authentication,26.1,0,synthetic,0,0
2026-01-01T04:08:00+00:00,Authentication,45.81,0,synthetic,0,0
2026-01-01T08:33:00+00:00,VirtualMachines,19.79,0,synthetic,0,0
2026-01-01T00:38:00+00:00,FinOps_Cost,14.57,0,synthetic,0,0
2026-01-01T03:18:00+00:00,VirtualMachines,24.34,0,synthetic,0,0
2026-01-01T16:20:00+00:00,VirtualMachines,34.41,0,synthetic,0,0
2026-01-01T14:24:00+00:00,FinOps_Cost,26.37,0,synthetic,0,0
2026-01-01T04:06:00+00:00,Intune_Enrollment,37.59,0,synthetic,0,0
2026-01-01T10:56:00+00:00,Authentication,21.32,0,synthetic,0,0
2026-01-01T13:09:00+00:00,Intune_Enrollment,28.66,0,synthetic,0,0
2026-01-01T16:10:00+00:00,Authentication,7.04,0,synthetic,0,0
2026-01-01T07:45:00+00:00,Authentication,45.93,0,synthetic,0,0
2026-01-01T02:45:00+00:00,FinOps_Cost,40.21,0,synthetic,0,0
2026-01-01T12:20:00+00:00,Intune_Enrollment,21.53,0,synthetic,0,0
2026-01-01T02:55:00+00:00,FinOps_Cost,20.8,0,synthetic,0,0
2026-01-01T15:13:00+00:00,Authentication,45.86,0,synthetic,0,0
2026-01-01T05:22:00+00:00,Intune_Enrollment,9.62,0,synthetic,0,0
2026-01-01T11:05:00+00:00,VirtualMachines,12.3,0,synthetic,0,0
2026-01-01T12:44:00+00:00,FinOps_Cost,16.23,0,synthetic,0,0
2026-01-01T13:00:00+00:00,VirtualMachines,40.72,0,synthetic,0,0
2026-01-01T02:50:00+00:00,VirtualMachines,13.98,0,synthetic,0,0
2026-01-01T04:48:00+00:00,Intune_Enrollment,25.92,0,synthetic,0,0
2026-01-01T05:02:00+00:00,VirtualMachines,36.08,0,synthetic,0,0
2026-01-01T00:18:00+00:00,Intune_Enrollment,8.55,0,synthetic,0,0
2026-01-01T11:02:00+00:00,Authentication,27.85,0,synthetic,0,0
2026-01-01T02:43:00+00:00,VirtualMachines,44.66,0,synthetic,0,0
2026-01-01T12:24:00+00:00,FinOps_Cost,9.62,0,synthetic,0,0
2026-01-01T12:21:00+00:00,FinOps_Cost,41.05,0,synthetic,0,0
2026-01-01T08:02:00+00:00,FinOps_Cost,9.88,0,synthetic,0,0
2026-01-01T12:57:00+00:00,Authentication,29.75,0,synthetic,0,0
2026-01-01T08:35:00+00:00,Authentication,17.48,0,synthetic,0,0
2026-01-01T06:14:00+00:00,Intune_Enrollment,41.61,0,synthetic,0,0
2026-01-01T03:07:00+00:00,Authentication,47.7,0,synthetic,0,0
2026-01-01T11:13:00+00:00,VirtualMachines,21.55,0,synthetic,0,0
2026-01-01T11:57:00+00:00,FinOps_Cost,38.63,0,synthetic,0,0
2026-01-01T13:52:00+00:00,FinOps_Cost,13.54,0,synthetic,0,0
2026-01-01T11:22:00+00:00,Authentication,17.83,0,synthetic,0,0
2026-01-01T16:36:00+00:00,Authentication,23.1,0,synthetic,0,0
2026-01-01T14:49:00+00:00,FinOps_Cost,39.7,0,synthetic,0,0
2026-01-01T00:41:00+00:00,VirtualMachines,16.1,0,synthetic,0,0
2026-01-01T05:32:00+00:00,VirtualMachines,10.33,0,synthetic,0,0
2026-01-01T01:33:00+00:00,Authentication,35.3,0,synthetic,0,0
2026-01-01T15:44:00+00:00,Authentication,35.05,0,synthetic,0,0
2026-01-01T15:58:00+00:00,VirtualMachines,30.77,0,synthetic,0,0
2026-01-01T13:01:00+00:00,VirtualMachines,10.46,0,synthetic,0,0
2026-01-01T04:21:00+00:00,Authentication,38.94,0,synthetic,0,0
2026-01-01T10:05:00+00:00,Intune_Enrollment,42.44,0,synthetic,0,0
2026-01-01T08:39:00+00:00,Authentication,10.93,0,synthetic,0,0
2026-01-01T04:45:00+00:00,Intune_Enrollment,36.83,0,synthetic,0,0
2026-01-01T02:36:00+00:00,Authentication,18.87,0,synthetic,0,0
2026-01-01T15:32:00+00:00,FinOps_Cost,40.58,0,synthetic,0,0
2026-01-01T14:11:00+00:00,Authentication,10.79,0,synthetic,0,0
2026-01-01T06:59:00+00:00,VirtualMachines,8.37,0,synthetic,0,0
2026-01-01T02:26:00+00:00,Intune_Enrollment,42.32,0,synthetic,0,0
2026-01-01T02:31:00+00:00,Intune_Enrollment,30.24,0,synthetic,0,0
2026-01-01T10:55:00+00:00,Intune_Enrollment,27.88,0,synthetic,0,0
2026-01-01T10:22:00+00:00,FinOps_Cost,11.79,0,synthetic,0,0
2026-01-01T13:49:00+00:00,Intune_Enrollment,43.89,0,synthetic,0,0
2026-01-01T12:26:00+00:00,FinOps_Cost,25.07,0,synthetic,0,0
2026-01-01T04:07:00+00:00,Intune_Enrollment,46.38,0,synthetic,0,0
2026-01-01T13:41:00+00:00,FinOps_Cost,43.77,0,synthetic,0,0
2026-01-01T14:15:00+00:00,VirtualMachines,32.11,0,synthetic,0,0
2026-01-01T09:22:00+00:00,FinOps_Cost,10.17,0,synthetic,0,0
2026-01-01T12:41:00+00:00,FinOps_Cost,24.98,0,synthetic,0,0
2026-01-01T04:33:00+00:00,Intune_Enrollment,22.85,0,synthetic,0,0
2026-01-01T02:06:00+00:00,FinOps_Cost,25.58,0,synthetic,0,0
2026-01-01T03:15:00+00:00,VirtualMachines,32.7,0,synthetic,0,0
2026-01-01T09:35:00+00:00,FinOps_Cost,19.02,0,synthetic,0,0
2026-01-01T13:05:00+00:00,FinOps_Cost,26.03,0,synthetic,0,0
2026-01-01T05:46:00+00:00,VirtualMachines,17.96,0,synthetic,0,0
2026-01-01T01:29:00+00:00,Intune_Enrollment,41.34,0,synthetic,0,0
2026-01-01T12:23:00+00:00,VirtualMachines,29.55,0,synthetic,0,0
2026-01-01T05:04:00+00:00,Authentication,9.19,0,synthetic,0,0
2026-01-01T00:33:00+00:00,VirtualMachines,35.81,0,synthetic,0,0
2026-01-01T13:20:00+00:00,VirtualMachines,846.02,1,synthetic,1,1
2026-01-01T11:53:00+00:00,FinOps_Cost,8.05,0,synthetic,0,0
2026-01-01T14:29:00+00:00,FinOps_Cost,48.52,0,synthetic,0,0
2026-01-01T10:37:00+00:00,Authentication,27.7,0,synthetic,0,0
2026-01-01T04:35:00+00:00,VirtualMachines,9.59,0,synthetic,0,0
2026-01-01T07:42:00+00:00,Authentication,18.9,0,synthetic,0,0
2026-01-01T08:34:00+00:00,VirtualMachines,40.49,0,synthetic,0,0
2026-01-01T11:12:00+00:00,Intune_Enrollment,45.68,0,synthetic,0,0
2026-01-01T02:54:00+00:00,FinOps_Cost,43.9,0,synthetic,0,0
2026-01-01T11:15:00+00:00,FinOps_Cost,40.02,0,synthetic,0,0
2026-01-01T16:16:00+00:00,VirtualMachines,39.46,0,synthetic,0,0
2026-01-01T03:22:00+00:00,VirtualMachines,34.65,0,synthetic,0,0
2026-01-01T02:35:00+00:00,VirtualMachines,24.34,0,synthetic,0,0
2026-01-01T06:27:00+00:00,VirtualMachines,36.94,0,synthetic,0,0
2026-01-01T15:52:00+00:00,FinOps_Cost,23.71,0,synthetic,0,0
2026-01-01T06:26:00+00:00,Intune_Enrollment,10.46,0,synthetic,0,0
2026-01-01T10:45:00+00:00,Authentication,30.11,0,synthetic,0,0
2026-01-01T13:42:00+00:00,FinOps_Cost,38.04,0,synthetic,0,0
2026-01-01T11:37:00+00:00,Intune_Enrollment,25.19,0,synthetic,0,0
2026-01-01T02:12:00+00:00,FinOps_Cost,17.82,0,synthetic,0,0
2026-01-01T07:24:00+00:00,VirtualMachines,8.32,0,synthetic,0,0
2026-01-01T14:48:00+00:00,VirtualMachines,47.37,0,synthetic,0,0
2026-01-01T07:16:00+00:00,VirtualMachines,12.65,0,synthetic,0,0
2026-01-01T12:38:00+00:00,FinOps_Cost,21.3,0,synthetic,0,0
2026-01-01T06:20:00+00:00,Intune_Enrollment,23.6,0,synthetic,0,0
2026-01-01T10:18:00+00:00,Authentication,12.97,0,synthetic,0,0
2026-01-01T11:27:00+00:00,FinOps_Cost,46.87,0,synthetic,0,0
2026-01-01T06:39:00+00:00,FinOps_Cost,39.77,0,synthetic,0,0
2026-01-01T04:28:00+00:00,VirtualMachines,32.27,0,synthetic,0,0
2026-01-01T01:41:00+00:00,Authentication,7.28,0,synthetic,0,0
2026-01-01T14:01:00+00:00,Intune_Enrollment,17.86,0,synthetic,0,0
2026-01-01T08:22:00+00:00,FinOps_Cost,29.5,0,synthetic,0,0
2026-01-01T03:55:00+00:00,FinOps_Cost,29.42,0,synthetic,0,0
2026-01-01T08:01:00+00:00,FinOps_Cost,31.31,0,synthetic,0,0
2026-01-01T11:03:00+00:00,Authentication,34.79,0,synthetic,0,0
2026-01-01T02:44:00+00:00,Authentication,13.07,0,synthetic,0,0
2026-01-01T13:08:00+00:00,Intune_Enrollment,49.98,0,synthetic,1,0
2026-01-01T15:17:00+00:00,VirtualMachines,23.8,0,synthetic,0,0
2026-01-01T00:36:00+00:00,Intune_Enrollment,17.05,0,synthetic,0,0
2026-01-01T12:36:00+00:00,Intune_Enrollment,6.57,0,synthetic,0,0
2026-01-01T16:17:00+00:00,Intune_Enrollment,21.85,0,synthetic,0,0
2026-01-01T12:59:00+00:00,VirtualMachines,37.03,0,synthetic,0,0
2026-01-01T04:19:00+00:00,FinOps_Cost,15.09,0,synthetic,0,0
2026-01-01T08:06:00+00:00,Intune_Enrollment,45.92,0,synthetic,0,0
2026-01-01T14:13:00+00:00,FinOps_Cost,30.1,0,synthetic,0,0
2026-01-01T01:37:00+00:00,VirtualMachines,29.13,0,synthetic,0,0
2026-01-01T14:02:00+00:00,Authentication,43.12,0,synthetic,0,0
2026-01-01T03:14:00+00:00,Intune_Enrollment,35.48,0,synthetic,0,0
2026-01-01T15:47:00+00:00,FinOps_Cost,36.06,0,synthetic,0,0
2026-01-01T03:26:00+00:00,VirtualMachines,41.3,0,synthetic,0,0
2026-01-01T06:33:00+00:00,FinOps_Cost,27.9,0,synthetic,0,0
2026-01-01T09:38:00+00:00,VirtualMachines,12.08,0,synthetic,0,0
2026-01-01T08:40:00+00:00,FinOps_Cost,40.55,0,synthetic,0,0
2026-01-01T04:17:00+00:00,Authentication,26.16,0,synthetic,0,0
2026-01-01T00:22:00+00:00,VirtualMachines,39.79,0,synthetic,0,0
2026-01-01T15:06:00+00:00,FinOps_Cost,37.28,0,synthetic,0,0
2026-01-01T11:55:00+00:00,Intune_Enrollment,6.96,0,synthetic,0,0
2026-01-01T09:49:00+00:00,Authentication,5.35,0,synthetic,1,0
2026-01-01T12:07:00+00:00,Intune_Enrollment,6.66,0,synthetic,0,0
2026-01-01T12:04:00+00:00,Intune_Enrollment,49.14,0,synthetic,0,0
2026-01-01T09:37:00+00:00,Authentication,44.75,0,synthetic,0,0
2026-01-01T13:11:00+00:00,Authentication,10.64,0,synthetic,0,0
2026-01-01T16:05:00+00:00,Intune_Enrollment,25.56,0,synthetic,0,0
2026-01-01T11:51:00+00:00,Intune_Enrollment,13.43,0,synthetic,0,0
2026-01-01T12:33:00+00:00,Intune_Enrollment,21.35,0,synthetic,0,0
2026-01-01T01:13:00+00:00,VirtualMachines,16.93,0,synthetic,0,0
2026-01-01T09:58:00+00:00,Authentication,24.63,0,synthetic,0,0
2026-01-01T09:27:00+00:00,FinOps_Cost,36.62,0,synthetic,0,0
2026-01-01T11:08:00+00:00,VirtualMachines,48.63,0,synthetic,0,0
2026-01-01T06:37:00+00:00,VirtualMachines,22.26,0,synthetic,0,0
2026-01-01T02:40:00+00:00,Intune_Enrollment,48.82,0,synthetic,0,0
2026-01-01T14:18:00+00:00,FinOps_Cost,41.18,0,synthetic,0,0
2026-01-01T03:41:00+00:00,Intune_Enrollment,32.57,0,synthetic,0,0
2026-01-01T13:28:00+00:00,FinOps_Cost,42.91,0,synthetic,0,0
2026-01-01T11:35:00+00:00,Intune_Enrollment,36.32,0,synthetic,0,0
2026-01-01T10:20:00+00:00,Intune_Enrollment,35.65,0,synthetic,0,0
2026-01-01T15:56:00+00:00,FinOps_Cost,8.51,0,synthetic,0,0
2026-01-01T00:35:00+00:00,Authentication,41.23,0,synthetic,0,0
2026-01-01T07:07:00+00:00,FinOps_Cost,49.88,0,synthetic,1,0
2026-01-01T15:00:00+00:00,Intune_Enrollment,713.99,1,synthetic,1,1
2026-01-01T02:21:00+00:00,VirtualMachines,37.29,0,synthetic,0,0
2026-01-01T06:50:00+00:00,Intune_Enrollment,6.96,0,synthetic,0,0
2026-01-01T00:46:00+00:00,Authentication,39.01,0,synthetic,0,0
2026-01-01T09:10:00+00:00,Authentication,593.23,1,synthetic,1,1
2026-01-01T09:18:00+00:00,FinOps_Cost,20.82,0,synthetic,0,0
2026-01-01T10:59:00+00:00,Intune_Enrollment,13.64,0,synthetic,0,0
2026-01-01T08:42:00+00:00,Authentication,12.84,0,synthetic,0,0
2026-01-01T04:39:00+00:00,Intune_Enrollment,34.77,0,synthetic,0,0
2026-01-01T13:27:00+00:00,VirtualMachines,12.7,0,synthetic,0,0
2026-01-01T08:05:00+00:00,VirtualMachines,34.14,0,synthetic,0,0
2026-01-01T04:12:00+00:00,FinOps_Cost,22.06,0,synthetic,0,0
2026-01-01T11:56:00+00:00,Intune_Enrollment,49.15,0,synthetic,0,0
2026-01-01T00:55:00+00:00,FinOps_Cost,10.02,0,synthetic,0,0
2026-01-01T08:27:00+00:00,VirtualMachines,33.88,0,synthetic,0,0
2026-01-01T09:33:00+00:00,VirtualMachines,21.93,0,synthetic,0,0
2026-01-01T01:06:00+00:00,FinOps_Cost,44.54,0,synthetic,0,0
2026-01-01T05:51:00+00:00,VirtualMachines,34.14,0,synthetic,0,0
2026-01-01T02:34:00+00:00,FinOps_Cost,31.21,0,synthetic,0,0
2026-01-01T02:10:00+00:00,VirtualMachines,47.0,0,synthetic,0,0
2026-01-01T05:53:00+00:00,Authentication,7.68,0,synthetic,0,0
2026-01-01T06:46:00+00:00,Intune_Enrollment,25.49,0,synthetic,0,0
2026-01-01T00:17:00+00:00,Authentication,48.79,0,synthetic,0,0
2026-01-01T16:09:00+00:00,Authentication,38.56,0,synthetic,0,0
2026-01-01T03:32:00+00:00,VirtualMachines,11.64,0,synthetic,0,0
2026-01-01T12:49:00+00:00,FinOps_Cost,36.68,0,synthetic,0,0
2026-01-01T08:10:00+00:00,Intune_Enrollment,10.23,0,synthetic,0,0
2026-01-01T16:11:00+00:00,FinOps_Cost,36.52,0,synthetic,0,0
2026-01-01T05:37:00+00:00,Intune_Enrollment,18.74,0,synthetic,0,0
2026-01-01T13:02:00+00:00,VirtualMachines,40.64,0,synthetic,0,0
2026-01-01T15:01:00+00:00,FinOps_Cost,46.99,0,synthetic,0,0
2026-01-01T06:21:00+00:00,VirtualMachines,28.33,0,synthetic,0,0
2026-01-01T08:55:00+00:00,Intune_Enrollment,8.31,0,synthetic,0,0
2026-01-01T12:14:00+00:00,Authentication,43.96,0,synthetic,0,0
2026-01-01T06:06:00+00:00,VirtualMachines,49.86,0,synthetic,1,0
2026-01-01T00:00:00+00:00,Authentication,525.01,1,synthetic,1,1
2026-01-01T16:03:00+00:00,Intune_Enrollment,41.39,0,synthetic,0,0
2026-01-01T01:48:00+00:00,Intune_Enrollment,17.84,0,synthetic,0,0
2026-01-01T14:17:00+00:00,Authentication,6.75,0,synthetic,0,0
2026-01-01T15:59:00+00:00,VirtualMachines,12.4,0,synthetic,0,0
2026-01-01T15:09:00+00:00,VirtualMachines,23.31,0,synthetic,0,0
2026-01-01T10:32:00+00:00,Authentication,25.24,0,synthetic,0,0
2026-01-01T05:15:00+00:00,FinOps_Cost,49.12,0,synthetic,0,0
2026-01-01T09:32:00+00:00,Authentication,9.13,0,synthetic,0,0
2026-01-01T15:05:00+00:00,Authentication,9.51,0,synthetic,0,0
2026-01-01T11:45:00+00:00,Intune_Enrollment,7.83,0,synthetic,0,0
2026-01-01T09:36:00+00:00,FinOps_Cost,39.96,0,synthetic,0,0
2026-01-01T09:45:00+00:00,Authentication,17.75,0,synthetic,0,0
2026-01-01T14:06:00+00:00,Intune_Enrollment,7.3,0,synthetic,0,0
2026-01-01T03:11:00+00:00,Intune_Enrollment,19.68,0,synthetic,0,0
2026-01-01T03:50:00+00:00,FinOps_Cost,19.39,0,synthetic,0,0
2026-01-01T16:37:00+00:00,VirtualMachines,29.29,0,synthetic,0,0
2026-01-01T16:32:00+00:00,Authentication,15.83,0,synthetic,0,0
2026-01-01T11:44:00+00:00,Intune_Enrollment,33.75,0,synthetic,0,0
2026-01-01T07:44:00+00:00,FinOps_Cost,37.96,0,synthetic,0,0
2026-01-01T07:49:00+00:00,FinOps_Cost,42.37,0,synthetic,0,0
2026-01-01T07:02:00+00:00,FinOps_Cost,43.36,0,synthetic,0,0
2026-01-01T02:02:00+00:00,FinOps_Cost,47.06,0,synthetic,0,0
2026-01-01T13:12:00+00:00,FinOps_Cost,33.91,0,synthetic,0,0
2026-01-01T11:25:00+00:00,Authentication,47.59,0,synthetic,0,0
2026-01-01T14:53:00+00:00,FinOps_Cost,17.95,0,synthetic,0,0
2026-01-01T03:39:00+00:00,Intune_Enrollment,35.04,0,synthetic,0,0
2026-01-01T03:31:00+00:00,Intune_Enrollment,27.25,0,synthetic,0,0
2026-01-01T11:26:00+00:00,VirtualMachines,41.75,0,synthetic,0,0
2026-01-01T14:56:00+00:00,VirtualMachines,18.07,0,synthetic,0,0
2026-01-01T07:53:00+00:00,FinOps_Cost,41.19,0,synthetic,0,0
2026-01-01T07:56:00+00:00,VirtualMachines,43.71,0,synthetic,0,0
2026-01-01T06:22:00+00:00,Intune_Enrollment,33.14,0,synthetic,0,0
2026-01-01T05:08:00+00:00,FinOps_Cost,24.15,0,synthetic,0,0
2026-01-01T06:41:00+00:00,FinOps_Cost,41.92,0,synthetic,0,0
2026-01-01T14:40:00+00:00,VirtualMachines,30.24,0,synthetic,0,0
2026-01-01T03:04:00+00:00,VirtualMachines,16.46,0,synthetic,0,0
2026-01-01T06:52:00+00:00,Intune_Enrollment,22.37,0,synthetic,0,0
2026-01-01T09:12:00+00:00,FinOps_Cost,41.53,0,synthetic,0,0
2026-01-01T11:28:00+00:00,Intune_Enrollment,7.4,0,synthetic,0,0
2026-01-01T10:27:00+00:00,Intune_Enrollment,6.69,0,synthetic,0,0
2026-01-01T16:04:00+00:00,Intune_Enrollment,10.94,0,synthetic,0,0
2026-01-01T13:03:00+00:00,VirtualMachines,40.57,0,synthetic,0,0
2026-01-01T01:55:00+00:00,VirtualMachines,7.56,0,synthetic,0,0
2026-01-01T04:36:00+00:00,FinOps_Cost,43.26,0,synthetic,0,0
2026-01-01T03:57:00+00:00,Intune_Enrollment,22.53,0,synthetic,0,0
2026-01-01T02:41:00+00:00,VirtualMachines,46.66,0,synthetic,0,0
2026-01-01T08:46:00+00:00,FinOps_Cost,28.1,0,synthetic,0,0
2026-01-01T02:17:00+00:00,Authentication,47.25,0,synthetic,0,0
2026-01-01T03:30:00+00:00,VirtualMachines,37.33,0,synthetic,0,0
2026-01-01T01:49:00+00:00,Intune_Enrollment,11.97,0,synthetic,0,0
2026-01-01T12:34:00+00:00,VirtualMachines,47.88,0,synthetic,0,0
2026-01-01T12:46:00+00:00,VirtualMachines,27.46,0,synthetic,0,0
2026-01-01T15:55:00+00:00,Authentication,28.65,0,synthetic,0,0
2026-01-01T08:36:00+00:00,VirtualMachines,49.44,0,synthetic,0,0
2026-01-01T13:39:00+00:00,Intune_Enrollment,25.9,0,synthetic,0,0
2026-01-01T15:28:00+00:00,Intune_Enrollment,17.28,0,synthetic,0,0
2026-01-01T14:34:00+00:00,Authentication,13.59,0,synthetic,0,0
2026-01-01T05:24:00+00:00,Intune_Enrollment,26.54,0,synthetic,0,0
2026-01-01T06:24:00+00:00,VirtualMachines,46.75,0,synthetic,0,0
2026-01-01T09:34:00+00:00,Intune_Enrollment,20.34,0,synthetic,0,0
2026-01-01T16:06:00+00:00,Authentication,30.15,0,synthetic,0,0
2026-01-01T04:42:00+00:00,Intune_Enrollment,42.0,0,synthetic,0,0
2026-01-01T14:16:00+00:00,Intune_Enrollment,27.5,0,synthetic,0,0
2026-01-01T11:30:00+00:00,Authentication,21.87,0,synthetic,0,0
2026-01-01T13:58:00+00:00,VirtualMachines,31.25,0,synthetic,0,0
2026-01-01T14:10:00+00:00,FinOps_Cost,1325.31,1,synthetic,1,1
2026-01-01T02:46:00+00:00,Intune_Enrollment,41.1,0,synthetic,0,0
2026-01-01T01:00:00+00:00,Authentication,44.17,0,synthetic,0,0
2026-01-01T10:36:00+00:00,FinOps_Cost,49.21,0,synthetic,0,0
2026-01-01T13:06:00+00:00,VirtualMachines,32.54,0,synthetic,0,0
2026-01-01T11:00:00+00:00,VirtualMachines,11.97,0,synthetic,0,0
2026-01-01T15:19:00+00:00,Authentication,49.87,0,synthetic,1,0
2026-01-01T04:05:00+00:00,Authentication,22.5,0,synthetic,0,0
